location,job_count,percentage_of_jobs,avg_annual_salary
United States,2341,7.04,118907.28
"New York, NY",818,2.46,119962.14
"Chicago, IL",534,1.61,114158.62
"Houston, TX",444,1.34,93665.07
"Dallas, TX",383,1.15,104803.38
"Atlanta, GA",382,1.15,115932.08
"Los Angeles, CA",366,1.1,111610.03
"Austin, TX",347,1.04,116596.16
"Boston, MA",324,0.97,119990.72
"San Francisco, CA",289,0.87,140703.31
"Phoenix, AZ",279,0.84,83188.96
New York City Metropolitan Area,273,0.82,119329.45
"Washington, DC",262,0.79,114861.33
"Seattle, WA",257,0.77,120572.31
"Charlotte, NC",247,0.74,89533.74
"Denver, CO",247,0.74,1198338.43
"San Diego, CA",235,0.71,103580.46
"Miami, FL",231,0.69,96383.79
"Philadelphia, PA",209,0.63,94960.35
"Nashville, TN",175,0.53,81565.89
"Orlando, FL",171,0.51,87047.26
"Las Vegas, NV",168,0.51,75535.54
"New York, United States",167,0.5,120946.68
"California, United States",162,0.49,125670.32
San Francisco Bay Area,162,0.49,212648.74
"San Jose, CA",158,0.48,126968.54
"Columbus, OH",149,0.45,88798.78
"Tampa, FL",146,0.44,94513.16
"Minneapolis, MN",141,0.42,84873.48
"St Louis, MO",133,0.4,98001.25
"Raleigh, NC",125,0.38,96868.12
"San Antonio, TX",124,0.37,93124.26
"Portland, OR",122,0.37,86714.77
"Irvine, CA",119,0.36,101890.29
"Salt Lake City, UT",117,0.35,99229.84
"Richmond, VA",116,0.35,93326.51
"Pittsburgh, PA",115,0.35,97384.89
"Fort Worth, TX",112,0.34,88163.97
"Indianapolis, IN",112,0.34,80600.64
"Jacksonville, FL",110,0.33,83648.18
"Baltimore, MD",109,0.33,114114.3
"Sacramento, CA",109,0.33,86219.45
"Plano, TX",104,0.31,95785.62
Los Angeles Metropolitan Area,101,0.3,106857.71
"Irving, TX",97,0.29,108606.26
Washington DC-Baltimore Area,95,0.29,108843.36
"Cincinnati, OH",94,0.28,74594.87
"Milwaukee, WI",90,0.27,135702.11
"Texas, United States",90,0.27,120439.93
"Louisville, KY",87,0.26,70862.84
"Madison, WI",87,0.26,91402.61
"Kansas City, MO",84,0.25,66033.23
"Austin, Texas Metropolitan Area",80,0.24,100339.13
"Arlington, VA",79,0.24,112891.13
"Durham, NC",78,0.23,96547.19
"Oklahoma City, OK",78,0.23,77639.78
"Scottsdale, AZ",78,0.23,94397.79
"Santa Clara, CA",77,0.23,133044.47
"Sunnyvale, CA",77,0.23,156431.1
"Brooklyn, NY",76,0.23,87280.35
"McLean, VA",73,0.22,113828.52
"Omaha, NE",73,0.22,63339.68
"Jersey City, NJ",70,0.21,119074.38
"Redmond, WA",70,0.21,118767.37
"Detroit, MI",69,0.21,108530.91
Dallas-Fort Worth Metroplex,67,0.2,114073.53
Atlanta Metropolitan Area,65,0.2,96790.19
"Cambridge, MA",65,0.2,120277.92
"Fort Lauderdale, FL",65,0.2,87890.5
"Alpharetta, GA",64,0.19,82538.57
"Rochester, NY",64,0.19,83107.65
"Tucson, AZ",64,0.19,95056.27
"Bellevue, WA",63,0.19,115236.64
"Cleveland, OH",63,0.19,95868.99
"Florida, United States",58,0.17,93249.52
"Greenville, SC",57,0.17,78015.38
"Memphis, TN",57,0.17,86839.8
"Palo Alto, CA",57,0.17,8951893.08
"Mountain View, CA",55,0.17,164179.46
"Oakland, CA",55,0.17,109169.18
"Birmingham, AL",54,0.16,76833.39
"New Jersey, United States",54,0.16,92358.79
"Tempe, AZ",54,0.16,70751.83
"Wilmington, DE",54,0.16,111514.29
"Lexington, KY",53,0.16,88212.15
"Tulsa, OK",53,0.16,72623.7
"Gainesville, FL",52,0.16,90707.7
"Long Beach, CA",52,0.16,91717.49
"Boise, ID",51,0.15,76942.24
"Des Moines, IA",51,0.15,93432.31
"Albuquerque, NM",50,0.15,77111.96
"Columbia, SC",50,0.15,70621.82
"Grand Rapids, MI",47,0.14,61505.27
"Hartford, CT",47,0.14,100430.88
"West Palm Beach, FL",46,0.14,81851.46
Greater Chicago Area,45,0.14,174172.63
Greater Houston,45,0.14,183856.88
"Overland Park, KS",45,0.14,50768.0
"Torrance, CA",45,0.14,82323.92
"Charleston, SC",44,0.13,77788.23
"Pasadena, CA",44,0.13,80142.9
"Newark, NJ",43,0.13,98320.8
"Troy, MI",42,0.13,96411.67
"Fremont, CA",41,0.12,127034.56
"Vancouver, WA",41,0.12,87351.88
"Wichita, KS",41,0.12,76703.77
"Mesa, AZ",40,0.12,65782.33
"Greensboro, NC",39,0.12,80437.0
"Lansing, MI",39,0.12,108510.0
"North Carolina, United States",39,0.12,114280.56
"Stamford, CT",39,0.12,134158.77
"Tallahassee, FL",39,0.12,107925.05
"Chattanooga, TN",38,0.11,63815.0
"New Orleans, LA",38,0.11,88662.67
"Waltham, MA",38,0.11,130986.67
"Buffalo, NY",37,0.11,91783.59
"Colorado Springs, CO",37,0.11,90228.41
"Fort Myers, FL",37,0.11,72350.0
"Fresno, CA",37,0.11,79201.56
"Honolulu, HI",37,0.11,73724.44
Miami-Fort Lauderdale Area,37,0.11,107181.67
"Auburn Hills, MI",36,0.11,147584.0
"Frisco, TX",36,0.11,100733.75
"Herndon, VA",36,0.11,161066.67
"Virginia, United States",36,0.11,117861.6
"Alexandria, VA",35,0.11,94177.82
"Georgia, United States",35,0.11,89154.94
"Katy, TX",35,0.11,96425.0
"Rochester, MN",35,0.11,72201.33
"Savannah, GA",35,0.11,99865.71
"Anchorage, AK",34,0.1,75999.0
"Boca Raton, FL",34,0.1,67000.0
"Bronx, NY",34,0.1,94768.78
"Columbus, Ohio Metropolitan Area",34,0.1,86626.92
Greater Boston,34,0.1,135335.56
"Huntsville, AL",34,0.1,82465.97
"Massachusetts, United States",34,0.1,113887.72
"Portland, Oregon Metropolitan Area",34,0.1,84992.01
"Reno, NV",34,0.1,92130.93
"San Antonio, Texas Metropolitan Area",34,0.1,97992.75
"Worcester, MA",34,0.1,86597.07
"Albany, NY",33,0.1,91637.06
"Chantilly, VA",33,0.1,117720.0
"Colorado, United States",33,0.1,99250.56
"Little Rock, AR",33,0.1,65355.67
"Princeton, NJ",33,0.1,97138.91
"Richardson, TX",33,0.1,98307.14
"Fairfax, VA",32,0.1,100753.33
Greater Minneapolis-St. Paul Area,32,0.1,77321.25
"Illinois, United States",32,0.1,93339.3
"Rockville, MD",32,0.1,134692.42
San Diego Metropolitan Area,32,0.1,119328.74
"Sarasota, FL",32,0.1,64452.0
"St Petersburg, FL",32,0.1,70452.0
"Asheville, NC",31,0.09,52000.0
"El Segundo, CA",31,0.09,131043.83
"Lancaster, PA",31,0.09,88642.0
"Providence, RI",31,0.09,85609.74
"Santa Monica, CA",31,0.09,94984.73
"St Paul, MN",31,0.09,82799.26
"Baton Rouge, LA",30,0.09,64510.0
Denver Metropolitan Area,30,0.09,82057.79
"Fort Wayne, IN",30,0.09,125016.5
Greater Seattle Area,30,0.09,189710.37
"Harrisburg, PA",30,0.09,112033.33
"Knoxville, TN",30,0.09,131544.17
"Lubbock, TX",30,0.09,64048.3
"Manhattan, NY",30,0.09,104369.04
"Reston, VA",30,0.09,129486.13
Salt Lake City Metropolitan Area,30,0.09,62991.07
"Spokane, WA",29,0.09,70076.51
"Tacoma, WA",29,0.09,76331.21
"Anaheim, CA",28,0.08,77270.58
"Cupertino, CA",28,0.08,150873.37
"Midland, TX",28,0.08,74472.0
"Syracuse, NY",28,0.08,82872.83
"Washington, United States",28,0.08,108800.77
"Arizona, United States",27,0.08,109056.44
"Beaverton, OR",27,0.08,62738.8
"Bethesda, MD",27,0.08,79002.63
"Boulder, CO",27,0.08,95093.3
"Cary, NC",27,0.08,90435.71
"Chandler, AZ",27,0.08,88864.44
"Charlottesville, VA",27,0.08,95110.15
"Costa Mesa, CA",27,0.08,89230.4
"Duluth, GA",27,0.08,72401.77
"Foster City, CA",27,0.08,176447.34
"Orange County, CA",27,0.08,115887.47
"Pennsylvania, United States",27,0.08,109500.44
"Santa Ana, CA",27,0.08,91192.55
"Springfield, MO",27,0.08,66043.2
"Cedar Rapids, IA",26,0.08,120698.75
Greater Philadelphia,26,0.08,127900.0
"Michigan, United States",26,0.08,94203.93
"Ohio, United States",26,0.08,86817.42
"Santa Rosa, CA",26,0.08,119637.25
"Southfield, MI",26,0.08,133935.07
"Stockton, CA",26,0.08,66132.28
"Arlington, TX",25,0.08,
"El Paso, TX",25,0.08,32760.0
"McKinney, TX",25,0.08,96675.0
"Parsippany, NJ",25,0.08,99599.0
"Peoria, IL",25,0.08,89200.15
Raleigh-Durham-Chapel Hill Area,25,0.08,140416.67
"Annapolis, MD",24,0.07,101347.63
"Burbank, CA",24,0.07,71547.48
"Carlsbad, CA",24,0.07,134140.4
"Dayton, OH",24,0.07,83350.0
"Kansas City, KS",24,0.07,67724.0
"Patchogue, NY",24,0.07,102596.83
"Riverside, CA",24,0.07,98533.16
"Silver Spring, MD",24,0.07,100500.0
"Bellingham, WA",23,0.07,69597.6
"Broomfield, CO",23,0.07,86984.94
"Los Angeles County, CA",23,0.07,134241.69
"Melbourne, FL",23,0.07,109649.29
Nashville Metropolitan Area,23,0.07,95223.68
"Norfolk, VA",23,0.07,74589.2
"Waco, TX",23,0.07,72220.0
"Winston-Salem, NC",23,0.07,52825.0
"Akron, OH",22,0.07,87132.0
"Columbia, MD",22,0.07,102970.04
"Columbia, MO",22,0.07,47360.5
"Everett, WA",22,0.07,126538.84
"Gaithersburg, MD",22,0.07,91194.06
"Golden, CO",22,0.07,81903.58
Greater St. Louis,22,0.07,80531.67
"Hillsboro, OR",22,0.07,73771.3
"Maryland, United States",22,0.07,93620.71
"Newark, DE",22,0.07,73178.6
"Pleasanton, CA",22,0.07,92665.0
"Santa Barbara, CA",22,0.07,103554.73
"York, PA",22,0.07,139550.0
"Downers Grove, IL",21,0.06,94833.33
"Frederick, MD",21,0.06,73266.67
"Orange, CA",21,0.06,97498.34
"South San Francisco, CA",21,0.06,175391.11
"Wilmington, NC",21,0.06,78920.0
"Aurora, CO",20,0.06,95004.7
Charlotte Metro,20,0.06,94460.0
"Edison, NJ",20,0.06,79863.88
"Englewood, CO",20,0.06,71664.07
Greater Phoenix Area,20,0.06,95729.38
"Lakeland, FL",20,0.06,87013.33
"Los Angeles, California, United States",20,0.06,80696.05
"Malvern, PA",20,0.06,90725.0
"Newport Beach, CA",20,0.06,106769.12
"Ocala, FL",20,0.06,72900.0
"Virginia Beach, VA",20,0.06,74712.96
"Bakersfield, CA",19,0.06,104338.9
"Chapel Hill, NC",19,0.06,85394.4
"Culver City, CA",19,0.06,148355.0
"Glendale, CA",19,0.06,77861.38
"Greenwood Village, CO",19,0.06,89367.21
"Lincoln, NE",19,0.06,51500.0
"Missouri, United States",19,0.06,115550.8
"New York, New York, United States",19,0.06,88999.94
"Newport News, VA",19,0.06,81145.2
"Oak Ridge, TN",19,0.06,98457.5
"Tennessee, United States",19,0.06,120362.0
"Bloomington, IN",18,0.05,61956.83
"Brea, CA",18,0.05,81755.51
"Columbus, GA",18,0.05,119340.0
"Concord, CA",18,0.05,84711.69
"Connecticut, United States",18,0.05,115393.94
"Greenwich, CT",18,0.05,72157.5
"King of Prussia, PA",18,0.05,228800.0
"Kirkland, WA",18,0.05,156566.67
"Lehi, UT",18,0.05,91540.33
"Pensacola, FL",18,0.05,75590.0
"Queens, NY",18,0.05,132420.0
"Redwood City, CA",18,0.05,125411.82
"San Bernardino, CA",18,0.05,123598.33
"The Woodlands, TX",18,0.05,63200.0
"Trenton, NJ",18,0.05,86565.95
"Vienna, VA",18,0.05,212900.0
"White Plains, NY",18,0.05,92003.75
"Alexandria, LA",17,0.05,77488.0
"Aliso Viejo, CA",17,0.05,64471.36
"Ashburn, VA",17,0.05,117425.0
"Basking Ridge, NJ",17,0.05,152642.86
"Beverly Hills, CA",17,0.05,72721.82
"Bolingbrook, IL",17,0.05,62321.6
"Brentwood, TN",17,0.05,100574.63
"Corpus Christi, TX",17,0.05,77787.6
"Denton, TX",17,0.05,60606.0
"Evansville, IN",17,0.05,80702.87
"Falls Church, VA",17,0.05,78239.61
"Fargo, ND",17,0.05,57735.83
"Fort Collins, CO",17,0.05,69581.4
"Franklin, TN",17,0.05,115333.0
"Hoboken, NJ",17,0.05,84455.58
"Livonia, MI",17,0.05,65923.33
"Mechanicsburg, PA",17,0.05,200720.0
"Mississippi, United States",17,0.05,94936.0
"Mobile, AL",17,0.05,56566.67
"Naples, FL",17,0.05,61417.14
"Oregon, United States",17,0.05,121057.09
"Paramus, NJ",17,0.05,57242.67
"Roanoke, VA",17,0.05,139269.2
"Rockford, IL",17,0.05,118333.87
"Round Rock, TX",17,0.05,54132.73
"Sioux Falls, SD",17,0.05,82199.43
"Springfield, IL",17,0.05,87216.0
"West Columbia, SC",17,0.05,
"Addison, TX",16,0.05,134596.0
"Bothell, WA",16,0.05,108385.45
Cincinnati Metropolitan Area,16,0.05,88562.5
"Coral Gables, FL",16,0.05,80000.0
"Duarte, CA",16,0.05,78560.0
"Fullerton, CA",16,0.05,131285.0
"Green Bay, WI",16,0.05,68136.9
"Hampton, VA",16,0.05,99208.75
"Henderson, NV",16,0.05,82500.0
"Kent, WA",16,0.05,80976.52
"Kissimmee, FL",16,0.05,69898.4
"Lafayette, IN",16,0.05,42520.0
"Melville, NY",16,0.05,96062.61
"Morgantown, WV",16,0.05,150000.0
"Richland, WA",16,0.05,83695.45
"San Mateo, CA",16,0.05,153303.0
"San Ramon, CA",16,0.05,94290.51
"Schaumburg, IL",16,0.05,21317645.7
"Toledo, OH",16,0.05,123500.0
"Urbana, IL",16,0.05,
"Walnut Creek, CA",16,0.05,77540.0
"Allentown, PA",15,0.05,72670.4
"Ann Arbor, MI",15,0.05,65243.75
"Augusta, GA",15,0.05,75271.2
"Camden, NJ",15,0.05,86660.5
"Clearwater, FL",15,0.05,76687.5
"Daytona Beach, FL",15,0.05,
"Dearborn, MI",15,0.05,
"Eden Prairie, MN",15,0.05,27320.8
"Elgin, IL",15,0.05,117653.0
"Fort Mill, SC",15,0.05,87463.1
Greater Indianapolis,15,0.05,98211.0
"Jefferson City, MO",15,0.05,76538.08
"Littleton, CO",15,0.05,67043.48
"Menlo Park, CA",15,0.05,136150.91
"Milpitas, CA",15,0.05,109255.87
"Oak Brook, IL",15,0.05,96443.33
"Olathe, KS",15,0.05,83304.0
"Ontario, CA",15,0.05,74707.81
"Owings Mills, MD",15,0.05,107469.25
"Pasadena, TX",15,0.05,93190.0
"Reading, PA",15,0.05,130000.0
"San Carlos, CA",15,0.05,143336.36
"Thousand Oaks, CA",15,0.05,80382.0
"Tukwila, WA",15,0.05,78928.91
"Bradenton, FL",14,0.04,55600.0
"Burlington, MA",14,0.04,115663.33
"Carol Stream, IL",14,0.04,57893.33
"Chesapeake, VA",14,0.04,119600.0
"Chesterfield, MO",14,0.04,82220.89
"College Station, TX",14,0.04,60000.0
"Deer Park, TX",14,0.04,
"Eugene, OR",14,0.04,72730.88
"Grand Junction, CO",14,0.04,59711.5
"La Mesa, CA",14,0.04,62920.0
"Lewisville, TX",14,0.04,70181.25
"Marietta, GA",14,0.04,68740.0
"Minnesota, United States",14,0.04,78075.0
"Montgomery, AL",14,0.04,103750.0
"New Haven, CT",14,0.04,91686.67
"Olympia, WA",14,0.04,69208.13
Omaha Metropolitan Area,14,0.04,112100.0
"Pickerington, OH",14,0.04,
"Portland, ME",14,0.04,78682.4
"Roseville, CA",14,0.04,86624.0
"Sandy, UT",14,0.04,66586.0
"Shreveport, LA",14,0.04,
"Stanford, CA",14,0.04,118765.45
"Temple, TX",14,0.04,50980.8
"Towson, MD",14,0.04,
"Westminster, CO",14,0.04,73054.29
"Alabama, United States",13,0.04,112478.56
"Albany, New York Metropolitan Area",13,0.04,81901.19
"Amarillo, TX",13,0.04,65000.0
"Bentonville, AR",13,0.04,70809.25
"Berkeley Heights, NJ",13,0.04,149366.67
"Brandon, FL",13,0.04,57876.0
"City of Industry, CA",13,0.04,69743.64
"Davenport, IA",13,0.04,60246.5
Detroit Metropolitan Area,13,0.04,87060.0
"Dover, DE",13,0.04,71772.5
"Duluth, MN",13,0.04,71220.0
"Edmond, OK",13,0.04,60246.67
"Garland, TX",13,0.04,48006.67
"Glendale, AZ",13,0.04,86471.63
Greater Orlando,13,0.04,53400.0
"Hickory, NC",13,0.04,
"Holland, MI",13,0.04,71192.0
"Jackson, TN",13,0.04,109420.0
"Kenosha, WI",13,0.04,60000.0
Las Vegas Metropolitan Area,13,0.04,141150.0
"Livermore, CA",13,0.04,56299.74
"Lynchburg, VA",13,0.04,81042.1
"Mahwah, NJ",13,0.04,81038.72
"Mesquite, TX",13,0.04,31356.0
"Minnetonka, MN",13,0.04,58059.0
"Morrisville, NC",13,0.04,85000.0
"New Brunswick, NJ",13,0.04,102869.5
"New London, CT",13,0.04,70000.0
"North Charleston, SC",13,0.04,87500.0
"Novi, MI",13,0.04,58374.38
"Ogden, UT",13,0.04,142500.0
"Park City, UT",13,0.04,85000.0
"Plantation, FL",13,0.04,73200.0
"Plymouth, MN",13,0.04,61802.0
"Provo, UT",13,0.04,114087.6
"Roswell, GA",13,0.04,56160.0
"Secaucus, NJ",13,0.04,104829.2
"Spartanburg, SC",13,0.04,86690.0
"Utah, United States",13,0.04,112004.17
"West Des Moines, IA",13,0.04,194675.0
"Woburn, MA",13,0.04,88160.0
"Andover, MA",12,0.04,133506.67
"Appleton, WI",12,0.04,104400.0
"Aurora, IL",12,0.04,63018.13
"Berkeley, CA",12,0.04,95768.75
"Billings, MT",12,0.04,60680.0
Buffalo-Niagara Falls Area,12,0.04,90642.5
"Buford, GA",12,0.04,77500.0
"Carrollton, TX",12,0.04,
"Centennial, CO",12,0.04,92870.71
"Danbury, CT",12,0.04,128630.0
"Dedham, MA",12,0.04,78998.65
"Farmington Hills, MI",12,0.04,49006.67
"Florence, KY",12,0.04,
"Glastonbury, CT",12,0.04,83231.2
"Goodyear, AZ",12,0.04,74302.88
"Grand Prairie, TX",12,0.04,83465.6
"Idaho Falls, ID",12,0.04,130335.25
"Independence, MO",12,0.04,58713.2
Kansas City Metropolitan Area,12,0.04,99804.0
"Lake Forest, CA",12,0.04,112855.89
"Lakewood, CO",12,0.04,89383.25
"Langhorne, PA",12,0.04,
"Lebanon, TN",12,0.04,36920.0
"Lexington, MA",12,0.04,103450.0
"Maitland, FL",12,0.04,62076.67
"Manassas, VA",12,0.04,93260.0
"Morristown, NJ",12,0.04,154336.0
"Mount Olive, NC",12,0.04,
"Murfreesboro, TN",12,0.04,36126.4
"Nampa, ID",12,0.04,92298.4
"Naperville, IL",12,0.04,55303.0
"Norcross, GA",12,0.04,55335.0
"Northbrook, IL",12,0.04,83726.67
"Palm Beach Gardens, FL",12,0.04,50000.0
"Petaluma, CA",12,0.04,98709.23
"Santa Clarita, CA",12,0.04,85355.29
"South Carolina, United States",12,0.04,116331.6
"Springfield, MA",12,0.04,95500.0
"Tigard, OR",12,0.04,67924.29
"Warren, MI",12,0.04,76481.07
"Waterloo, IA",12,0.04,67840.0
"Williamsburg, VA",12,0.04,
"Winchester, VA",12,0.04,125426.67
"Bangor, ME",11,0.03,30000.0
"Beaumont, TX",11,0.03,49920.0
"Bowling Green, KY",11,0.03,109006.67
"Charleston, South Carolina Metropolitan Area",11,0.03,100625.0
"Coppell, TX",11,0.03,92260.0
"Dublin, OH",11,0.03,
"Elkhart, IN",11,0.03,148750.0
"Fort Meade, MD",11,0.03,138545.83
"Fountain Valley, CA",11,0.03,90644.69
"Gilbert, AZ",11,0.03,45760.0
"Glen Allen, VA",11,0.03,82140.0
"Grapevine, TX",11,0.03,86248.8
Greater Tampa Bay Area,11,0.03,109285.71
"Hagerstown, MD",11,0.03,66615.0
"Hanover, MD",11,0.03,154166.67
"Juno Beach, FL",11,0.03,
"Kentucky, United States",11,0.03,100168.0
"Manchester, NH",11,0.03,53520.0
"Medford, MA",11,0.03,74946.67
"Modesto, CA",11,0.03,92321.46
"Moline, IL",11,0.03,47840.0
"Muskegon, MI",11,0.03,100750.0
"Newark, CA",11,0.03,91134.0
"North Las Vegas, NV",11,0.03,49914.8
"Oakbrook Terrace, IL",11,0.03,95000.0
"Oklahoma, United States",11,0.03,125687.5
"Peoria, AZ",11,0.03,98750.0
"Piscataway, NJ",11,0.03,103801.67
"Plymouth, MI",11,0.03,71590.0
"Pocatello, ID",11,0.03,
"Pompano Beach, FL",11,0.03,80680.0
"Port Sulphur, LA",11,0.03,
"Portsmouth, NH",11,0.03,106105.33
"Raritan, NJ",11,0.03,119600.0
"Rosemont, IL",11,0.03,130000.0
"Shakopee, MN",11,0.03,
"Smyrna, GA",11,0.03,62468.5
"Smyrna, TN",11,0.03,108498.0
"South Bend, IN",11,0.03,95169.5
"State College, PA",11,0.03,142150.0
"Sterling, VA",11,0.03,117275.0
"Warminster, PA",11,0.03,
"Aiken, SC",10,0.03,49500.0
"Auburn, WA",10,0.03,55853.2
"Bedford, MA",10,0.03,134700.0
"Bloomington, MN",10,0.03,133000.0
"Bridgeport, CT",10,0.03,88699.33
"Brownsville, TX",10,0.03,65000.0
"Burlingame, CA",10,0.03,114759.06
"Burnsville, MN",10,0.03,65851.8
"Calabasas, CA",10,0.03,70276.51
"Chaska, MN",10,0.03,34320.0
"Concord, NH",10,0.03,118866.67
"Easton, PA",10,0.03,
"Erie, PA",10,0.03,
"Framingham, MA",10,0.03,68635.0
"Freeport, TX",10,0.03,
"Germantown, MD",10,0.03,79333.33
Greater Madison Area,10,0.03,
"Greer, SC",10,0.03,77464.0
"Hayward, CA",10,0.03,106686.63
"Iowa, United States",10,0.03,94145.0
"Jackson, MS",10,0.03,66180.0
"Kennesaw, GA",10,0.03,66750.0
"Lebanon, PA",10,0.03,
"Lenexa, KS",10,0.03,42640.0
"Longmont, CO",10,0.03,60802.67
"Longview, WA",10,0.03,80875.6
"Los Alamos, NM",10,0.03,87750.0
"Louisiana, United States",10,0.03,127750.0
"Lowell, MA",10,0.03,52000.0
"Macon, GA",10,0.03,115480.0
"Manhattan Beach, CA",10,0.03,81430.0
"Missoula, MT",10,0.03,150000.0
"Needham, MA",10,0.03,137500.0
"Newton, MA",10,0.03,90000.0
"Newtown Square, PA",10,0.03,211820.0
"Novato, CA",10,0.03,86521.67
"Odessa, TX",10,0.03,60461.6
"Owatonna, MN",10,0.03,
"Panama City, FL",10,0.03,115592.38
"Puyallup, WA",10,0.03,84677.44
"Renton, WA",10,0.03,103750.33
"Sioux City, IA",10,0.03,91500.0
"South Dakota, United States",10,0.03,126586.01
"Spring, TX",10,0.03,155600.0
"St Charles, MO",10,0.03,49043.73
"St Louis Park, MN",10,0.03,91640.0
"Thornton, CO",10,0.03,47377.35
"Warwick, RI",10,0.03,
"Waterville, ME",10,0.03,34210.8
"Wayne, PA",10,0.03,94262.5
"Wisconsin, United States",10,0.03,121550.0
"Arlington Heights, IL",9,0.03,85833.33
"Beverly, MA",9,0.03,70857.6
"Boston, Massachusetts, United States",9,0.03,
"Clarksville, TN",9,0.03,68900.0
"Cranberry Township, PA",9,0.03,51000.0
"Delaware, United States",9,0.03,116462.5
"District of Columbia, United States",9,0.03,118520.0
"Doral, FL",9,0.03,34554.25
"Farmers Branch, TX",9,0.03,
"Farmingdale, NJ",9,0.03,
"Federal Way, WA",9,0.03,60751.93
"Florence, SC",9,0.03,49500.0
"Florham Park, NJ",9,0.03,85000.0
"Gainesville, GA",9,0.03,69166.67
"Garden Grove, CA",9,0.03,94639.6
"Greenville, NC",9,0.03,56250.0
"Hunt Valley, MD",9,0.03,50540.0
"Huntington Beach, CA",9,0.03,135538.72
"Indiana, United States",9,0.03,135391.3
"Johns Creek, GA",9,0.03,142700.0
"Kalamazoo, MI",9,0.03,155333.33
"Lake Charles, LA",9,0.03,
"Lake Mary, FL",9,0.03,97760.0
"Lawrenceville, GA",9,0.03,96500.0
"Leesburg, VA",9,0.03,135728.67
"Lima, OH",9,0.03,51500.0
"Lisle, IL",9,0.03,103437.5
"Lone Tree, CO",9,0.03,94006.46
"McDonough, GA",9,0.03,121500.0
"Melrose Park, IL",9,0.03,76250.0
"Meridian, ID",9,0.03,87500.0
"Miami Beach, FL",9,0.03,45030.0
"Mission Viejo, CA",9,0.03,85063.0
"Monroe, LA",9,0.03,64426.5
"Mooresville, NC",9,0.03,
"Nashua, NH",9,0.03,40560.0
"Natick, MA",9,0.03,192500.0
"Nebraska, United States",9,0.03,99633.33
"Neenah, WI",9,0.03,
"Nevada, United States",9,0.03,71843.07
"Pontiac, MI",9,0.03,
"Quincy, MA",9,0.03,27839.38
"Rancho Cordova, CA",9,0.03,85213.28
"Redding, CA",9,0.03,139557.13
"Rock Hill, SC",9,0.03,74750.0
"Sacramento County, CA",9,0.03,76910.25
"Salem, OR",9,0.03,88550.0
"San Leandro, CA",9,0.03,62936.55
"San Marcos, CA",9,0.03,100775.2
"Santa Fe, NM",9,0.03,57870.0
"Seneca, SC",9,0.03,78475.0
"St Augustine, FL",9,0.03,109375.0
"St Joseph, MO",9,0.03,123482.67
"Sugar Land, TX",9,0.03,124700.0
"Tuscaloosa, AL",9,0.03,59000.0
"Waukesha, WI",9,0.03,62673.8
"West Hollywood, CA",9,0.03,72132.0
"Westlake Village, CA",9,0.03,83928.0
"Aberdeen, MD",8,0.02,112050.0
"Acton, MA",8,0.02,54860.0
"Ankeny, IA",8,0.02,
"Arkansas, United States",8,0.02,107497.5
"Baytown, TX",8,0.02,
"Beavercreek, OH",8,0.02,79500.0
"Belmont, CA",8,0.02,90040.0
"Bethlehem, PA",8,0.02,103610.0
"Burlington, NC",8,0.02,115432.33
"Camarillo, CA",8,0.02,66805.4
"Chelmsford, MA",8,0.02,72800.0
"Cherry Hill, NJ",8,0.02,53481.6
"Cheyenne, WY",8,0.02,46900.0
"Corona, CA",8,0.02,58710.0
"Cumming, GA",8,0.02,65000.0
"Decatur, IL",8,0.02,
"Deerfield Beach, FL",8,0.02,100000.0
"Deerfield, IL",8,0.02,90220.0
"Delray Beach, FL",8,0.02,89346.67
"Edina, MN",8,0.02,64388.0
"Evanston, IL",8,0.02,50975.6
"Fishers, IN",8,0.02,73923.36
"Flint, MI",8,0.02,
"Garden City, NY",8,0.02,40560.0
"Grand Forks, ND",8,0.02,82574.93
"Greater Birmingham, Alabama Area",8,0.02,120000.0
"Greenwood, IN",8,0.02,
"Home, KS",8,0.02,135550.0
"Humble, TX",8,0.02,49640.0
"Huntersville, NC",8,0.02,62004.8
"Iowa City, IA",8,0.02,237500.0
"Kansas, United States",8,0.02,95286.0
"Lafayette, LA",8,0.02,74802.0
"Lancaster, TX",8,0.02,52780.0
"Laredo, TX",8,0.02,
"Layton, UT",8,0.02,45810.0
"Lees Summit, MO",8,0.02,81802.58
"Maple Grove, MN",8,0.02,84500.0
"Mason City, IA",8,0.02,75900.0
"Metairie, LA",8,0.02,49920.0
"New Britain, CT",8,0.02,
"New Hampshire, United States",8,0.02,129836.0
"North Dakota, United States",8,0.02,91700.0
"Norwood, MA",8,0.02,66379.0
"Plymouth, MA",8,0.02,
"Ramsey, NJ",8,0.02,153750.0
"Rapid City, SD",8,0.02,237500.0
"Rochester, New York Metropolitan Area",8,0.02,57450.0
"Salem, MA",8,0.02,54080.0
"San Diego County, CA",8,0.02,106167.6
"San Luis Obispo, CA",8,0.02,54414.3
"Schenectady, NY",8,0.02,120300.0
"Somerville, MA",8,0.02,173375.0
"Sparks, NV",8,0.02,130000.0
"Springfield, VA",8,0.02,92090.0
"St George, UT",8,0.02,76555.04
"Sterling Heights, MI",8,0.02,
"Tysons Corner, VA",8,0.02,91750.8
"Wausau, WI",8,0.02,131768.0
"West Chester, OH",8,0.02,99090.5
"Williamsport, PA",8,0.02,155166.67
"Woodinville, WA",8,0.02,45851.5
"Abilene, TX",7,0.02,120000.0
"Alameda, CA",7,0.02,54520.0
"Allen, TX",7,0.02,
"Annapolis Junction, MD",7,0.02,143590.0
"Augusta, ME",7,0.02,116414.17
"Aventura, FL",7,0.02,42331.88
"Ayer, MA",7,0.02,120848.0
"Billerica, MA",7,0.02,67600.0
"Bismarck, ND",7,0.02,77300.0
"Blacksburg, VA",7,0.02,86250.0
"Bloomfield Hills, MI",7,0.02,51713.33
"Bridgeton, MO",7,0.02,50074.0
"Bridgewater, NJ",7,0.02,
"Buffalo Grove, IL",7,0.02,75750.0
"Burlington, VT",7,0.02,78780.0
"Cabazon, CA",7,0.02,57939.01
"Canton, GA",7,0.02,62500.0
"Canton, OH",7,0.02,91975.0
"Carrollton, GA",7,0.02,143000.0
"Chico, CA",7,0.02,116150.6
"Chino, CA",7,0.02,103202.75
"Columbus, IN",7,0.02,97500.0
"Concord, NC",7,0.02,108750.0
"Conroe, TX",7,0.02,127500.0
"Corvallis, OR",7,0.02,98924.8
"Council Bluffs, IA",7,0.02,52000.0
"Cuyahoga Falls, OH",7,0.02,49500.0
"Devens, MA",7,0.02,
"Dubuque, IA",7,0.02,43680.0
"Dunwoody, GA",7,0.02,64430.0
"Eagan, MN",7,0.02,47840.0
"East Syracuse, NY",7,0.02,79196.67
"Escondido, CA",7,0.02,73174.0
"Fairfield, CA",7,0.02,82613.49
"Farmington, CT",7,0.02,52500.0
"Fayetteville, NC",7,0.02,36868.0
"Folsom, CA",7,0.02,104952.0
"Fond du Lac, WI",7,0.02,
"Fontana, CA",7,0.02,55528.0
"Fort Washington, PA",7,0.02,140400.0
"Frankfort, KY",7,0.02,66114.0
"Fredericksburg, VA",7,0.02,50783.2
"Gardena, CA",7,0.02,70973.6
"Grand Island, NE",7,0.02,62250.0
Greater New Orleans Region,7,0.02,85000.0
"Greenbrae, CA",7,0.02,120567.2
"Harlingen, TX",7,0.02,
"Henrico, VA",7,0.02,37476.4
"Hoffman Estates, IL",7,0.02,52000.0
"Hudson, FL",7,0.02,
"Jackson, MI",7,0.02,60000.0
"Jamaica, NY",7,0.02,44306.67
"Jeffersonville, IN",7,0.02,68886.67
"Jessup, MD",7,0.02,81900.0
"Kankakee, IL",7,0.02,175833.33
"Kapolei, HI",7,0.02,40560.0
"Killeen, TX",7,0.02,
"Las Cruces, NM",7,0.02,92850.0
"Latham, NY",7,0.02,70760.0
"Libertyville, IL",7,0.02,101490.0
"Lincolnshire, IL",7,0.02,137666.67
"Lititz, PA",7,0.02,
"Livingston, NJ",7,0.02,89100.0
"Loveland, CO",7,0.02,95625.0
"Lynnwood, WA",7,0.02,47611.2
"Maine, United States",7,0.02,113650.0
"Mason, OH",7,0.02,99079.0
"Menomonee Falls, WI",7,0.02,61750.0
"Mentor, OH",7,0.02,
"Merrimack, NH",7,0.02,120466.67
"Miami-Dade County, FL",7,0.02,135000.0
"Miramar, FL",7,0.02,22371.9
"Monterey, CA",7,0.02,81238.32
"Mount Horeb, WI",7,0.02,39686.4
"Mount Laurel, NJ",7,0.02,
"Mount Pleasant, SC",7,0.02,44106.4
"Napa, CA",7,0.02,95118.0
"New Albany, OH",7,0.02,57473.87
"New Bedford, MA",7,0.02,
"New Berlin, WI",7,0.02,90000.0
"Norwich, CT",7,0.02,85840.0
"Notre Dame, IN",7,0.02,
Oklahoma City Metropolitan Area,7,0.02,107120.0
"Pooler, GA",7,0.02,33280.0
"Pueblo, CO",7,0.02,83930.0
"Purchase, NY",7,0.02,162875.0
"Rhode Island, United States",7,0.02,86616.67
"Romulus, MI",7,0.02,89200.0
"Roseville, MN",7,0.02,53040.0
"Rutland, VT",7,0.02,88500.0
"Salinas, CA",7,0.02,96069.2
"Santa Barbara County, CA",7,0.02,181250.0
"Santa Maria, CA",7,0.02,105209.6
"Shelton, CT",7,0.02,88400.0
"Solon, OH",7,0.02,33800.0
"Souderton, PA",7,0.02,43680.0
"Spokane Valley, WA",7,0.02,64319.6
"Springdale, AR",7,0.02,67500.0
"St Peters, MO",7,0.02,
"Tarrytown, NY",7,0.02,111933.33
"Temecula, CA",7,0.02,65942.93
"Tolleson, AZ",7,0.02,72500.0
"Tracy, CA",7,0.02,138855.0
"Tualatin, OR",7,0.02,71493.33
"Waukegan, IL",7,0.02,110000.0
"Wayne, NJ",7,0.02,91500.0
"West Valley City, UT",7,0.02,67963.47
"Westfield, MA",7,0.02,
"Wilson, NC",7,0.02,52500.0
"Winter Park, FL",7,0.02,57500.0
"Wisconsin Dells, WI",7,0.02,71500.0
"Woodbridge, NJ",7,0.02,94375.0
"Woodstock, GA",7,0.02,
"Yakima, WA",7,0.02,96367.25
"Albany, GA",6,0.02,66232.67
"Anniston, AL",6,0.02,
"Arvada, CO",6,0.02,100375.0
"Bedford, PA",6,0.02,
"Bensalem, PA",6,0.02,
"Biloxi, MS",6,0.02,
"Bloomfield, CT",6,0.02,100133.33
"Bloomington, IL",6,0.02,
"Boynton Beach, FL",6,0.02,
"Bozeman, MT",6,0.02,
"Brooklyn Park, MN",6,0.02,81280.0
"Brunswick, GA",6,0.02,
"Caldwell, ID",6,0.02,102500.0
"Campbell, CA",6,0.02,91121.98
"Carmel, IN",6,0.02,
"Cedar Falls, IA",6,0.02,78696.8
"Cerritos, CA",6,0.02,109042.0
"Chambersburg, PA",6,0.02,150000.0
"Champaign, IL",6,0.02,160942.0
"Charleston, WV",6,0.02,68769.5
"Chevy Chase, MD",6,0.02,131000.0
"Chillicothe, OH",6,0.02,89000.0
"Clayton, NC",6,0.02,50960.0
"Clinton Township, MI",6,0.02,69245.6
"Coeur d'Alene, ID",6,0.02,160862.0
"College Park, GA",6,0.02,74825.0
"Cortland, NY",6,0.02,65851.6
"Darlington, SC",6,0.02,
"Davie, FL",6,0.02,
"Davis County, UT",6,0.02,147185.5
"Decatur, AL",6,0.02,90000.0
"Decatur, GA",6,0.02,
"Delano, CA",6,0.02,91965.07
"Denville, NJ",6,0.02,85000.0
Des Moines Metropolitan Area,6,0.02,72470.0
"Des Plaines, IL",6,0.02,59250.0
"Destin, FL",6,0.02,27040.0
"Dothan, AL",6,0.02,63750.0
"Dublin, CA",6,0.02,101599.0
"Dulles, VA",6,0.02,49500.0
"Elk Grove Village, IL",6,0.02,92346.67
"Encinitas, CA",6,0.02,65340.0
"Englewood Cliffs, NJ",6,0.02,
"Fairbanks, AK",6,0.02,99905.0
"Fairview, OR",6,0.02,
"Farmingdale, NY",6,0.02,65520.0
"Fayetteville, AR",6,0.02,127500.0
"Fort Belvoir, VA",6,0.02,63574.7
"Fort Walton Beach, FL",6,0.02,72070.0
"Freehold, NJ",6,0.02,120000.0
"Gastonia, NC",6,0.02,
"Gig Harbor, WA",6,0.02,68005.38
"Goleta, CA",6,0.02,132919.43
Grand Rapids Metropolitan Area,6,0.02,85090.0
Greater Pittsburgh Region,6,0.02,86250.0
Greater Richmond Region,6,0.02,56027.5
Greater Sacramento,6,0.02,135280.0
Greensboro--Winston-Salem--High Point Area,6,0.02,96333.33
"Gresham, OR",6,0.02,49053.33
"Groveport, OH",6,0.02,50960.0
"Haverhill, MA",6,0.02,94913.33
"Hawaii, United States",6,0.02,
"Healdsburg, CA",6,0.02,84024.0
"Hermitage, TN",6,0.02,202500.0
"Hicksville, NY",6,0.02,102034.4
"High Point, NC",6,0.02,75000.0
"Hopkinsville, KY",6,0.02,75250.0
"Horsham, PA",6,0.02,27040.0
"Independence, KS",6,0.02,
"Independence, OH",6,0.02,80000.0
"Issaquah, WA",6,0.02,93600.0
"Jackson, OH",6,0.02,
"Joliet, IL",6,0.02,81813.33
"Joplin, MO",6,0.02,44356.0
"Juneau, AK",6,0.02,70601.3
"Kingsport, TN",6,0.02,31720.0
"La Porte, TX",6,0.02,70000.0
"Laguna Niguel, CA",6,0.02,49438.0
"Lakewood, NJ",6,0.02,
"Laurel, MD",6,0.02,80830.0
"Lawrence, KS",6,0.02,59358.0
"Lemont, IL",6,0.02,
"Logan, UT",6,0.02,
"Lynn, MA",6,0.02,39520.0
"Mansfield, TX",6,0.02,
"Martinez, CA",6,0.02,117078.0
"Marysville, OH",6,0.02,105.0
"Maywood, IL",6,0.02,
"Meridian, MS",6,0.02,
"Minden, NV",6,0.02,
"Minot, ND",6,0.02,
"Mission, TX",6,0.02,
"Montclair, NJ",6,0.02,
"Morris Plains, NJ",6,0.02,55120.0
"Mounds View, MN",6,0.02,
"Mount Prospect, IL",6,0.02,
"Murray, UT",6,0.02,
"Myrtle Beach, SC",6,0.02,68610.0
NAMER,6,0.02,
"New Braunfels, TX",6,0.02,43470.0
"Niles, OH",6,0.02,55120.0
"North Brunswick, NJ",6,0.02,
"North Little Rock, AR",6,0.02,
"Northville, MI",6,0.02,200000.0
"Norwalk, CT",6,0.02,62500.0
"Orange, TX",6,0.02,
"Orangeburg, SC",6,0.02,
"Oxnard, CA",6,0.02,145520.0
"Paramount, CA",6,0.02,61827.52
"Pascagoula, MS",6,0.02,76650.0
"Peachtree City, GA",6,0.02,86640.0
"Pearland, TX",6,0.02,
"Plainfield, IN",6,0.02,67475.0
"Port St Lucie, FL",6,0.02,
"Portland, Maine Metropolitan Area",6,0.02,122833.33
"Poughkeepsie, NY",6,0.02,237500.0
"Rancho Palos Verdes, CA",6,0.02,50263.2
"Raymond, OH",6,0.02,
"Redlands, CA",6,0.02,83500.0
"Rocky Hill, CT",6,0.02,105000.0
"Rocky Mount, NC",6,0.02,111878.0
"Rolla, MO",6,0.02,44695.73
"Salem, VA",6,0.02,79722.67
"San Jose, California, United States",6,0.02,39329.33
"San Marcos, TX",6,0.02,
"Saratoga Springs, NY",6,0.02,70420.0
"Skillman, NJ",6,0.02,
"Southlake, TX",6,0.02,94000.0
"Staten Island, NY",6,0.02,91651.43
"Sterling, OH",6,0.02,
"Stillwater, OK",6,0.02,
"Suffolk, VA",6,0.02,
"Suwanee, GA",6,0.02,103450.0
"Teterboro, NJ",6,0.02,81120.0
"Texas City, TX",6,0.02,
"Topeka, KS",6,0.02,37648.0
"Tustin, CA",6,0.02,115899.06
"Tyler, TX",6,0.02,
"Vallejo, CA",6,0.02,76044.0
"Warsaw, IN",6,0.02,
"Washington, MO",6,0.02,
"Waterbury, CT",6,0.02,
"West Sacramento, CA",6,0.02,59501.0
"Weston, FL",6,0.02,
"Williston, ND",6,0.02,
"Wilton, CT",6,0.02,74250.0
"Wixom, MI",6,0.02,185000.0
"Wyandotte, MI",6,0.02,79400.0
"Aberdeen Proving Ground, MD",5,0.02,57150.0
"Alameda County, CA",5,0.02,85760.0
"Alsip, IL",5,0.02,
"Ames, IA",5,0.02,43680.0
"Apex, NC",5,0.02,97602.5
"Apopka, FL",5,0.02,
"Arden Hills, MN",5,0.02,59280.0
"Avon, OH",5,0.02,
"Batavia, OH",5,0.02,38480.0
"Belton, MO",5,0.02,50000.0
"Berwyn, PA",5,0.02,92000.0
"Binghamton, NY",5,0.02,114562.5
"Brookfield, WI",5,0.02,59950.0
"Brookline, MA",5,0.02,
"Bryn Mawr, PA",5,0.02,86750.0
"Cape Coral, FL",5,0.02,
"Cape Girardeau, MO",5,0.02,37648.0
"Carlisle, PA",5,0.02,49500.0
"Carlsbad, NM",5,0.02,
"Carson City, NV",5,0.02,54386.0
"Casa Grande, AZ",5,0.02,47652.8
"Chester, VA",5,0.02,96460.0
"Christiana, DE",5,0.02,
"Chula Vista, CA",5,0.02,175000.0
"Clackamas, OR",5,0.02,46488.0
"Clifton Park, NY",5,0.02,97500.0
"Columbia, TN",5,0.02,35000.0
"Conshohocken, PA",5,0.02,150800.0
"Coos Bay, OR",5,0.02,82367.0
"Coral Springs, FL",5,0.02,87500.0
"Coralville, IA",5,0.02,
"Creve Coeur, MO",5,0.02,
"Culpeper, VA",5,0.02,
"DeSoto, TX",5,0.02,
"Downey, CA",5,0.02,87000.53
"Durham, NH",5,0.02,
"El Centro, CA",5,0.02,90285.0
"Elmhurst, IL",5,0.02,83080.0
"Ephrata, PA",5,0.02,
"Fairburn, GA",5,0.02,53141.2
"Fairfield, CT",5,0.02,62500.0
"Fort Bragg, North Carolina, United States",5,0.02,103896.67
"Franklin, WI",5,0.02,
"Friendswood, TX",5,0.02,
"Gadsden, AL",5,0.02,
"Georgetown, TX",5,0.02,36525.0
"Glen Burnie, MD",5,0.02,135000.0
"Glenview, IL",5,0.02,145000.0
Greater Cleveland,5,0.02,94675.0
Greater Milwaukee,5,0.02,92500.0
"Greenville-Spartanburg-Anderson, South Carolina Area",5,0.02,152500.0
"Greenwood, SC",5,0.02,62400.0
"Groton, CT",5,0.02,
"Hammond, IN",5,0.02,
"Hanford, CA",5,0.02,60822.0
"Harmans, MD",5,0.02,48599.2
"Hartland, WI",5,0.02,47840.0
"Henderson, NC",5,0.02,
"Hershey, PA",5,0.02,
"Hialeah, FL",5,0.02,107500.0
"Holly Springs, NC",5,0.02,58897.6
"Hollywood, FL",5,0.02,63505.0
"Holyoke, MA",5,0.02,57200.0
"Hoover, AL",5,0.02,30648.8
"Huntington, WV",5,0.02,150000.0
Huntsville-Decatur-Albertville Area,5,0.02,
"Ithaca, NY",5,0.02,115000.0
"Jonesboro, AR",5,0.02,
"Kenilworth, NJ",5,0.02,98100.0
"Kerrville, TX",5,0.02,61602.0
"La Crosse, WI",5,0.02,95000.0
"La Jolla, California, United States",5,0.02,96741.07
"Lafayette, Indiana Metropolitan Area",5,0.02,
"Lake City, FL",5,0.02,
"Langston, OK",5,0.02,
"Largo, FL",5,0.02,158500.0
"Lithia Springs, GA",5,0.02,55530.0
"Los Alamitos, CA",5,0.02,119156.26
"Loudon, TN",5,0.02,
"Lowell, AR",5,0.02,96360.85
"Marina del Rey, CA",5,0.02,85260.0
"Marinette, WI",5,0.02,85000.0
"Marquette, MI",5,0.02,
"Mechanicsville, VA",5,0.02,105500.0
"Medford, OR",5,0.02,150000.0
"Merritt Island, FL",5,0.02,76250.0
"Michigan City, IN",5,0.02,55000.0
"Middletown, CT",5,0.02,24700.0
"Middletown, OH",5,0.02,
"Millsboro, DE",5,0.02,
"Milton, MA",5,0.02,49920.0
"Mineola, NY",5,0.02,69175.6
"Montana, United States",5,0.02,133575.0
"Moorestown, NJ",5,0.02,90000.0
"Moreno Valley, CA",5,0.02,39332.8
"Mount Vernon, WA",5,0.02,89630.0
"Murrieta, CA",5,0.02,
"Oshkosh, WI",5,0.02,
"Palm Desert, CA",5,0.02,41236.0
"Paterson, NJ",5,0.02,124670.0
"Peabody, MA",5,0.02,
"Pinellas Park, FL",5,0.02,65000.0
"Pleasant Prairie, WI",5,0.02,
"Port Arthur, TX",5,0.02,56330.0
"Port Washington, NY",5,0.02,128175.0
"Portsmouth, VA",5,0.02,47480.0
"Prior Lake, MN",5,0.02,
"Racine, WI",5,0.02,95000.0
"Rancho Cucamonga, CA",5,0.02,72123.79
"Rancho Mirage, CA",5,0.02,123790.0
"Richmond, CA",5,0.02,110744.67
"Ridgefield, CT",5,0.02,71760.0
"Rogers, AR",5,0.02,42848.0
"Sabine Pass, TX",5,0.02,
"San Dimas, CA",5,0.02,91283.4
"San Francisco County, CA",5,0.02,121340.5
"San Rafael, CA",5,0.02,74015.2
"Sanford, FL",5,0.02,
"Sanford, NC",5,0.02,60045.0
"Santa Clarita, California, United States",5,0.02,73715.8
"Santa Fe Springs, CA",5,0.02,75629.33
"Savage, MN",5,0.02,
"Scranton, PA",5,0.02,75000.0
"Shelby Township, MI",5,0.02,
"Short Hills, NJ",5,0.02,
"Sidney, OH",5,0.02,
"Simi Valley, CA",5,0.02,81120.0
"Smithfield, NC",5,0.02,33155.2
"Soldotna, AK",5,0.02,
"Somerset, NJ",5,0.02,75000.0
"Somerville, NJ",5,0.02,
"South Jordan, UT",5,0.02,70994.4
"South Mountain, PA",5,0.02,
"Spring House, PA",5,0.02,
"Springfield, OH",5,0.02,
"St Cloud, MN",5,0.02,52000.0
"Stafford, TX",5,0.02,74960.0
"Summerville, SC",5,0.02,40560.0
"Sumter, SC",5,0.02,75000.0
"Sun City, AZ",5,0.02,
"Sunrise, FL",5,0.02,45760.0
"Taunton, MA",5,0.02,64480.0
"Teaneck, NJ",5,0.02,62500.0
"Terre Haute, IN",5,0.02,39520.0
"Toms River, NJ",5,0.02,
"Traverse City, MI",5,0.02,237500.0
"Truckee, CA",5,0.02,85960.0
"Universal City, CA",5,0.02,124775.56
"Urbandale, IA",5,0.02,63053.33
"Vernon Hills, IL",5,0.02,54000.0
"Victoria, TX",5,0.02,
"Victorville, CA",5,0.02,77005.07
"Visalia, CA",5,0.02,75613.33
"Vista, CA",5,0.02,64579.2
"Warner Robins, GA",5,0.02,147185.5
"West Jordan, UT",5,0.02,269000.0
"West Lafayette, IN",5,0.02,100000.0
"West Virginia, United States",5,0.02,123683.33
"Westborough, MA",5,0.02,118710.0
"Westlake, OH",5,0.02,
"Westlake, TX",5,0.02,101000.0
"Westmont, IL",5,0.02,64766.67
"Wilkes-Barre, PA",5,0.02,
"Wilmington, MA",5,0.02,
"Winchester, MA",5,0.02,
"Woodbridge, VA",5,0.02,
"Woodcliff Lake, NJ",5,0.02,85000.0
"Wyoming, United States",5,0.02,69093.33
"Youngstown, OH",5,0.02,
Albuquerque-Santa Fe Metropolitan Area,4,0.01,175000.0
"Alpena, MI",4,0.01,60577.4
"Altoona, PA",4,0.01,40000.0
"Amesbury, MA",4,0.01,
"Amherst, NY",4,0.01,37440.0
"Anderson, SC",4,0.01,
"Armonk, NY",4,0.01,98000.0
"Athens, GA",4,0.01,67163.08
"Athens, OH",4,0.01,100000.0
"Atlantis, FL",4,0.01,
"Atwater, CA",4,0.01,83750.0
"Aurora, Colorado, United States",4,0.01,91500.0
"Aurora, OH",4,0.01,
"Austell, GA",4,0.01,69370.0
"Avon, MA",4,0.01,69666.67
"Avondale, AZ",4,0.01,42640.0
"Bala-Cynwyd, PA",4,0.01,
"Barstow, CA",4,0.01,77495.97
"Bartow, FL",4,0.01,
"Batavia, IL",4,0.01,
"Beardstown, IL",4,0.01,
"Belmont, MA",4,0.01,
"Beltsville, MD",4,0.01,56418.0
"Blue Ash, OH",4,0.01,
"Blue Springs, MO",4,0.01,45030.0
"Bonita Springs, FL",4,0.01,
"Brick, NJ",4,0.01,
"Brighton, MI",4,0.01,70000.0
"Bristol, CT",4,0.01,103786.67
"Brook Park, OH",4,0.01,69340.0
"Brooksville, FL",4,0.01,
"Brownsburg, IN",4,0.01,
"Bryan, TX",4,0.01,79001.33
"Buena Park, CA",4,0.01,70433.33
"Burlington, WA",4,0.01,41600.0
"Calhoun, GA",4,0.01,
"Calistoga, CA",4,0.01,48880.0
"Camden, SC",4,0.01,
"Canton, MA",4,0.01,45760.0
"Carson, CA",4,0.01,125000.0
"Casper, WY",4,0.01,69680.0
"Champlin, MN",4,0.01,34320.0
"Channahon, IL",4,0.01,38636.0
"Chelsea, MI",4,0.01,
"Chestnut Hill, MA",4,0.01,
"Chippewa Falls, WI",4,0.01,107500.0
"Clarksburg, MD",4,0.01,75000.0
"Claypool, AZ",4,0.01,63960.0
"Cleveland, TN",4,0.01,64000.0
"Clifton, NJ",4,0.01,61521.89
"Coconut Creek, FL",4,0.01,237500.0
"College Park, MD",4,0.01,92040.5
"Columbia, South Carolina Metropolitan Area",4,0.01,64916.67
"Corte Madera, CA",4,0.01,195000.0
"Covington, LA",4,0.01,50226.8
"Cypress, CA",4,0.01,101743.13
"Daly City, CA",4,0.01,71957.6
"Danvers, MA",4,0.01,
"Danville, IL",4,0.01,42640.0
"Davenport, FL",4,0.01,
"Deer Park, IL",4,0.01,45604.0
"Deltona, FL",4,0.01,
"Denison, IA",4,0.01,
"Downingtown, PA",4,0.01,57020.0
"Draper, UT",4,0.01,
"Duncan, SC",4,0.01,77500.0
"East Moline, IL",4,0.01,61360.0
"East Palo Alto, CA",4,0.01,66123.6
"Edwardsville, IL",4,0.01,37965.0
"Eglin Air Force Base, FL",4,0.01,
"El Cerrito, CA",4,0.01,39728.0
"El Dorado Hills, CA",4,0.01,66030.0
"El Dorado, AR",4,0.01,151250.0
"Elizabethtown, KY",4,0.01,62254.4
"Elk Grove, CA",4,0.01,72446.8
"Ellicott City, MD",4,0.01,140000.0
"Elwyn, PA",4,0.01,
"Enfield, CT",4,0.01,
"Erlanger, KY",4,0.01,
"Essex Junction, VT",4,0.01,63080.0
"Euless, TX",4,0.01,42640.0
"Evendale, OH",4,0.01,
"Fairfield, NJ",4,0.01,78000.0
"Fayetteville, GA",4,0.01,
"Fenton, MO",4,0.01,
"Flagstaff, AZ",4,0.01,70980.0
"Flowood, MS",4,0.01,
"Fort Smith, AR",4,0.01,118900.0
"Garner, NC",4,0.01,
"Georgetown, KY",4,0.01,104000.0
"Golden Valley, MN",4,0.01,67500.0
"Goodlettsville, TN",4,0.01,
"Grand Rapids, MN",4,0.01,113750.0
"Grandville, MI",4,0.01,51500.0
Greater Chattanooga,4,0.01,122500.0
Greater Harrisburg Area,4,0.01,162500.0
Greater Hartford,4,0.01,65000.0
Greater Morgantown Area,4,0.01,
"Green Bay, Wisconsin Metropolitan Area",4,0.01,286000.0
"Greensburg, PA",4,0.01,
"Gurnee, IL",4,0.01,49500.0
"Gypsum, CO",4,0.01,75301.67
"Hackensack, NJ",4,0.01,130000.0
"Hamden, CT",4,0.01,80080.0
"Hamilton, OH",4,0.01,51640.0
"Hanover, PA",4,0.01,
"Hartsville, SC",4,0.01,
"Harvard, IL",4,0.01,60000.0
"Hauppauge, NY",4,0.01,33800.0
"Hebron, KY",4,0.01,
"Hilliard, OH",4,0.01,69680.0
"Hollister, CA",4,0.01,85000.0
"Hollywood, MD",4,0.01,
"Holmdel, NJ",4,0.01,41310.0
"Horse Cave, KY",4,0.01,
"Idaho, United States",4,0.01,141936.0
"Indian Wells, CA",4,0.01,37440.0
"Inglewood, CA",4,0.01,66138.8
"Iselin, NJ",4,0.01,41600.0
"Itasca, IL",4,0.01,62143.2
"Jacksonville, NC",4,0.01,55120.0
"Jacksonville, TX",4,0.01,
"Jerome, ID",4,0.01,
"Johnson City, TN",4,0.01,
"Keene, NH",4,0.01,79946.67
"Kennewick, WA",4,0.01,61920.0
"King George, VA",4,0.01,126700.0
"Kingston, PA",4,0.01,108498.0
"Kohala, HI",4,0.01,
"La Vergne, TN",4,0.01,
"La Verne, CA",4,0.01,83200.0
"Lacey, WA",4,0.01,48020.0
"Ladson, SC",4,0.01,
"Laguna Beach, CA",4,0.01,
"Landover, MD",4,0.01,80550.67
"Lathrop, CA",4,0.01,76530.0
"Lebanon, NH",4,0.01,90900.0
"Liberty Lake, WA",4,0.01,59250.0
"Linthicum Heights, MD",4,0.01,
"Lombard, IL",4,0.01,
"Longview, TX",4,0.01,
"Los Banos, CA",4,0.01,135002.4
"Los Lunas, NM",4,0.01,
"Lutz, FL",4,0.01,
"Magnolia, TX",4,0.01,
"Malden, MA",4,0.01,133120.0
"Marlborough, MA",4,0.01,57200.0
"Martinsville, VA",4,0.01,110760.0
"Maryville, TN",4,0.01,82500.0
"Maui County, HI",4,0.01,83200.0
"McAllen, TX",4,0.01,
"McMinnville, OR",4,0.01,
"Miami Lakes, FL",4,0.01,87036.8
"Middleton, WI",4,0.01,
"Midland, MI",4,0.01,42640.0
"Midlothian, VA",4,0.01,76500.0
"Mill Valley, CA",4,0.01,97366.5
"Minneapolis–Saint Paul, WI",4,0.01,
"Morgan Hill, CA",4,0.01,98169.25
"Morristown, TN",4,0.01,28080.0
"Morton Grove, IL",4,0.01,
"Mossville, IL",4,0.01,59907.47
"New Hyde Park, NY",4,0.01,167300.0
"New Mexico, United States",4,0.01,83200.0
"Newnan, GA",4,0.01,56092.4
"Noblesville, IN",4,0.01,75000.0
"Norfolk, NE",4,0.01,
"Norman, OK",4,0.01,
"North Haven, CT",4,0.01,62500.0
"North Kingstown, RI",4,0.01,46800.0
"Northampton, MA",4,0.01,
"Northridge, California, United States",4,0.01,
"O'Fallon, MO",4,0.01,64210.5
"Oldsmar, FL",4,0.01,117500.0
"Palm Beach, FL",4,0.01,
"Palm Springs, CA",4,0.01,83262.4
"Palmdale, CA",4,0.01,93456.17
"Pasadena, MD",4,0.01,
"Pecos, TX",4,0.01,48312.0
"Pembroke Pines, FL",4,0.01,49500.0
"Perrysburg, OH",4,0.01,68233.33
"Petersburg, VA",4,0.01,37760.0
"Piedmont, SC",4,0.01,58692.4
"Piqua, OH",4,0.01,74166.67
"Pittsfield, MA",4,0.01,68640.0
"Plaquemine, LA",4,0.01,
"Plover, WI",4,0.01,69748.83
"Port Hueneme, CA",4,0.01,107599.0
"Portage, MI",4,0.01,46080.4
"Poway, CA",4,0.01,88938.33
"Punta Gorda, FL",4,0.01,
"Quantico, VA",4,0.01,127500.0
"Red Bank, NJ",4,0.01,89250.0
"Richfield, OH",4,0.01,
"Ridgefield Park, NJ",4,0.01,64480.0
"Rio Rancho, NM",4,0.01,102500.0
"Riverdale, GA",4,0.01,
"Roanoke Rapids, NC",4,0.01,
"Rochester Hills, MI",4,0.01,67371.2
"Rolling Meadows, IL",4,0.01,
"Roseland, NJ",4,0.01,205534.0
"Salisbury, MD",4,0.01,
"Salisbury, NC",4,0.01,
"San Fernando, CA",4,0.01,84999.54
"San Pedro, CA",4,0.01,155000.0
"San Tan Valley, AZ",4,0.01,
"Santa Clara County, CA",4,0.01,163800.0
"Sebring, FL",4,0.01,
"Sheboygan Falls, WI",4,0.01,53265.33
"Sheboygan, WI",4,0.01,237500.0
"Sinking Spring, PA",4,0.01,
"Skokie, IL",4,0.01,67600.0
"Smithfield, RI",4,0.01,108000.0
"South Brunswick, NJ",4,0.01,
"Spring Hill, TN",4,0.01,
"Springfield, OR",4,0.01,49285.6
"St Charles, IL",4,0.01,
"St Louis, Missouri, United States",4,0.01,
"St Regis Falls, NY",4,0.01,
"Steamboat Springs, CO",4,0.01,60930.0
"Stevens Point, WI",4,0.01,90000.0
"Stevensburg, VA",4,0.01,
"Stillwater, MN",4,0.01,
"Stockbridge, GA",4,0.01,43628.0
"Stratford, CT",4,0.01,72506.67
"Sun Valley, CA",4,0.01,68766.67
"Sunnyvale, TX",4,0.01,
"Tamarac, FL",4,0.01,
"Taylor, TX",4,0.01,
"Tewksbury, MA",4,0.01,
"Thorofare, NJ",4,0.01,
"Toledo, Ohio Metropolitan Area",4,0.01,237500.0
"Troy, AL",4,0.01,
"Troy, NY",4,0.01,
"Union City, CA",4,0.01,63121.2
"United, PA",4,0.01,74800.0
"Utica, NY",4,0.01,93500.0
"Valdosta, GA",4,0.01,27040.0
"Ventura, CA",4,0.01,100633.33
"Victor, NY",4,0.01,
"Wallingford, CT",4,0.01,48412.0
"Warren, MA",4,0.01,
"Warren, NJ",4,0.01,108216.57
"Watertown, MA",4,0.01,85000.0
"Watertown, WI",4,0.01,
"Watsonville, CA",4,0.01,66355.07
"Waynesville, MO",4,0.01,
"Welch, MN",4,0.01,108666.16
"Wellesley, MA",4,0.01,122725.0
"Wenatchee, WA",4,0.01,113000.23
"West Chester, PA",4,0.01,71155.0
"Westchester County, NY",4,0.01,87500.0
"Westerville, OH",4,0.01,40040.0
"Wheeling, IL",4,0.01,
"Wichita Falls, TX",4,0.01,
"Willimantic, CT",4,0.01,54500.0
"Windsor, CT",4,0.01,103000.0
"Woodbury, MN",4,0.01,33155.2
"Wyomissing, PA",4,0.01,115000.0
"Yonkers, NY",4,0.01,50000.0
"Ypsilanti, MI",4,0.01,
"Yuma, AZ",4,0.01,125856.67
"Addison, IL",3,0.01,41600.0
"Alabaster, AL",3,0.01,73190.0
"Alamosa, CO",3,0.01,135000.0
"Albemarle, NC",3,0.01,94000.0
"Alma, MI",3,0.01,
"Alvin, TX",3,0.01,
"American Fork, UT",3,0.01,59766.67
"Anderson, IN",3,0.01,56020.0
"Antioch, TN",3,0.01,
"Apple Valley, CA",3,0.01,72009.6
"Apple Valley, MN",3,0.01,
"Appomattox, VA",3,0.01,89710.4
"Arabi, LA",3,0.01,
"Arlington, MA",3,0.01,197500.0
"Auburn, CA",3,0.01,71760.0
"Avon Lake, OH",3,0.01,
"Baldwin Park, CA",3,0.01,66000.0
"Ballwin, MO",3,0.01,
"Baltimore City County, MD",3,0.01,150400.0
"Baltimore County, MD",3,0.01,57140.0
"Banner Elk, NC",3,0.01,
"Bartlesville, OK",3,0.01,
"Bartlett, TN",3,0.01,
"Battle Creek, MI",3,0.01,95132.93
"Bayonne, NJ",3,0.01,48744.8
"Beaver Dam, WI",3,0.01,
"Belleville, IL",3,0.01,
"Belmar, NJ",3,0.01,
"Beloit, WI",3,0.01,75000.0
"Bend, OR",3,0.01,
"Benicia, CA",3,0.01,67675.0
"Bennington, VT",3,0.01,
"Bergen County, NJ",3,0.01,109250.0
"Big Sky Meadow Village, MT",3,0.01,
"Birch Run, MI",3,0.01,
"Birmingham, MI",3,0.01,
Bowling Green Metropolitan Area,3,0.01,115000.0
"Bowling Green, OH",3,0.01,
"Branchville, NJ",3,0.01,119400.0
"Breckenridge, CO",3,0.01,68150.0
"Brentwood, NY",3,0.01,
"Bridgeville, PA",3,0.01,
"Brisbane, CA",3,0.01,158250.0
"Buda, TX",3,0.01,
"Buras, LA",3,0.01,
"Butner, NC",3,0.01,
"Cadillac, MI",3,0.01,
"Camp Hill, PA",3,0.01,
"Carmichaels, PA",3,0.01,
"Cartersville, GA",3,0.01,91500.0
"Caruthersville, MO",3,0.01,
"Caspian, MI",3,0.01,
"Castle Rock, CO",3,0.01,98750.0
"Cedar Hill, TX",3,0.01,
"Centre Hall, PA",3,0.01,
"Chanhassen, MN",3,0.01,
"Chappaqua, NY",3,0.01,41132.0
"Charter Township of Larkin, MI",3,0.01,
"Chesterfield, VA",3,0.01,93600.0
"Claremore, OK",3,0.01,34912.8
"Clayton, MO",3,0.01,74880.0
"Clearwater, Florida, United States",3,0.01,82500.0
"Clermont, FL",3,0.01,102500.0
"Collegeville, PA",3,0.01,
"Colleyville, TX",3,0.01,145600.0
"Columbus, MS",3,0.01,122500.0
"Concord, MA",3,0.01,
"Conway, SC",3,0.01,26832.5
"Conyers, GA",3,0.01,80490.0
"Coronado, CA",3,0.01,117500.0
"Cottonwood, AZ",3,0.01,31200.0
"Covington, GA",3,0.01,
"Cranston, RI",3,0.01,
"Creedmoor, NC",3,0.01,
"Crete, NE",3,0.01,128175.0
"Cumberland, MD",3,0.01,
"Cypress, TX",3,0.01,29120.0
"Daleville, VA",3,0.01,39000.0
"Dallas County, TX",3,0.01,
"Dalton, GA",3,0.01,34803.6
"Dania, FL",3,0.01,78700.0
"Danville, VA",3,0.01,
"Davidson, NC",3,0.01,
"Dawsonville, GA",3,0.01,103000.0
"Decorah, IA",3,0.01,90000.0
"Denison, TX",3,0.01,23400.0
"Derry, NH",3,0.01,47840.0
"Dexter, MI",3,0.01,135000.0
"Diamond Bar, CA",3,0.01,115158.5
"Douglasville, GA",3,0.01,74375.0
"Dunn, NC",3,0.01,152500.0
"Dyersville, IA",3,0.01,70000.0
"East Brunswick, NJ",3,0.01,
"East Hanover, NJ",3,0.01,88400.0
"East Hartford, CT",3,0.01,
"East Norriton, PA",3,0.01,
"East Providence, RI",3,0.01,82820.0
"El Monte, CA",3,0.01,64860.0
"Elizabethtown, PA",3,0.01,
"Elkhart County, IN",3,0.01,129600.0
"Elko, NV",3,0.01,
"Elyria, OH",3,0.01,55640.0
"Emeryville, CA",3,0.01,75762.93
"Enumclaw, WA",3,0.01,
Erie-Meadville Area,3,0.01,91850.0
"Estacada, OR",3,0.01,80400.0
"Estero, FL",3,0.01,
"Euclid, OH",3,0.01,61500.0
"Eureka, CA",3,0.01,150800.0
"Fairfield, OH",3,0.01,165000.0
"Faribault, MN",3,0.01,
"Farmington, MI",3,0.01,
"Fishersville, VA",3,0.01,51688.0
"Flower Mound, TX",3,0.01,
"Fort Dodge, IA",3,0.01,49500.0
"Fort George G. Meade, MD",3,0.01,158750.0
"Fort Lawn, SC",3,0.01,112893.33
"Franklin, MA",3,0.01,
"Fremont, OH",3,0.01,
"Fresno County, CA",3,0.01,86000.0
"Fridley, MN",3,0.01,57500.0
"Gainesville, VA",3,0.01,
"Garden City, KS",3,0.01,
"Germantown, TN",3,0.01,47500.0
"Gillette, WY",3,0.01,110000.0
"Gloucester, MA",3,0.01,109250.0
"Goshen, NY",3,0.01,168916.5
"Grand Blanc, MI",3,0.01,50596.0
"Grand Canyon Village, AZ",3,0.01,
"Grantsville, UT",3,0.01,
"Grass Valley, CA",3,0.01,52559.0
"Great Barrington, MA",3,0.01,44720.0
"Great Neck, NY",3,0.01,121250.0
Greater Bloomington Area,3,0.01,91850.0
Greater Lansing,3,0.01,
"Greater Los Angeles, CA",3,0.01,150000.0
Greater Macon,3,0.01,91850.0
Greater Reno Area,3,0.01,75095.4
"Greater Yuma, AZ Area",3,0.01,71000.0
"Greenbelt, MD",3,0.01,
"Griffin, GA",3,0.01,44595.2
"Gwinnett County, GA",3,0.01,
"Hammond, LA",3,0.01,
"Happy Valley, OR",3,0.01,
"Harahan, LA",3,0.01,
"Hartford County, CT",3,0.01,122500.0
"Haslet, TX",3,0.01,86250.0
"Hawthorne, CA",3,0.01,41600.0
"Hegins, PA",3,0.01,57200.0
"Henderson, CO",3,0.01,
"Hendersonville, TN",3,0.01,
"Hilton Head Island, SC",3,0.01,104000.0
"Hiram, GA",3,0.01,67500.0
"Homewood, AL",3,0.01,50000.0
"Hot Springs, AR",3,0.01,
"House, NM",3,0.01,
"Hudson, OH",3,0.01,
"Huntsville, TX",3,0.01,78000.0
"Hutchinson, KS",3,0.01,79760.0
"Inverness, FL",3,0.01,
"Jackson, LA",3,0.01,
"Jacksonville, IL",3,0.01,121134.0
"Johnston, IA",3,0.01,42640.0
"Johnstown, PA",3,0.01,76856.0
"Jupiter, FL",3,0.01,
"Kalispell, MT",3,0.01,39863.2
"Kearney, NE",3,0.01,90506.0
"Kenai, AK",3,0.01,
"Kernersville, NC",3,0.01,
"Kingston, NY",3,0.01,130000.0
"Kinston, NC",3,0.01,
"Klamath Falls, OR",3,0.01,
Knoxville Metropolitan Area,3,0.01,91850.0
"Kokomo, IN",3,0.01,
"Koloa, HI",3,0.01,
"La Crescenta, CA",3,0.01,40476.8
"La Mirada, CA",3,0.01,55000.0
"Lake Elmo, MN",3,0.01,105000.0
"Lake Forest, IL",3,0.01,85000.0
"Lake Havasu City, AZ",3,0.01,
"Lakeville, MN",3,0.01,
"Lanham, MD",3,0.01,
"Lapeer, MI",3,0.01,
"Largo, MD",3,0.01,
"Lawrence, MA",3,0.01,72975.0
"Lawton, OK",3,0.01,150000.0
"League City, TX",3,0.01,
"Lebanon, MO",3,0.01,
"Leesburg, FL",3,0.01,112500.0
"Levittown, NY",3,0.01,38674.13
"Lewiston, ME",3,0.01,
"Lexington Park, MD",3,0.01,107600.0
"Lincolnton, NC",3,0.01,
"Lindon, UT",3,0.01,47840.0
"Lodi, CA",3,0.01,33280.0
"Loma Linda, CA",3,0.01,
"Longwood, FL",3,0.01,37760.0
"Lorton, VA",3,0.01,90000.0
"Los Gatos, CA",3,0.01,387500.0
"Luling, LA",3,0.01,
"Lumberton, NC",3,0.01,
"Lyons, KS",3,0.01,
"Madera, CA",3,0.01,50754.9
"Madison, AL",3,0.01,
"Madison, NJ",3,0.01,133955.6
"Malibu, CA",3,0.01,62980.0
"Mandan, ND",3,0.01,62500.0
"Mansfield, MA",3,0.01,79040.0
"Marion, NC",3,0.01,
"Marshall, MI",3,0.01,
"Marshall, MN",3,0.01,39520.0
"Maumee, OH",3,0.01,49500.0
"Maxton, NC",3,0.01,
"Mays Landing, NJ",3,0.01,
"Media, PA",3,0.01,55484.0
"Medina, OH",3,0.01,45000.0
"Mendota Heights, MN",3,0.01,82500.0
"Menomonie, WI",3,0.01,
"Merced, CA",3,0.01,135980.53
Metro Jacksonville,3,0.01,175000.0
"Miamisburg, OH",3,0.01,
"Middletown, IA",3,0.01,94233.33
"Middletown, PA",3,0.01,
"Mitchellville, MD",3,0.01,74880.0
"Monroeville, PA",3,0.01,94640.0
"Montebello, CA",3,0.01,140000.0
"Montrose, CO",3,0.01,110890.0
"Moonachie, NJ",3,0.01,
"Moore, OK",3,0.01,65012.5
"Moorhead, MN",3,0.01,
"Morehead City, NC",3,0.01,
"Morgan City, LA",3,0.01,
"Morgantown, PA",3,0.01,
"Morris, MN",3,0.01,
"Moses Lake, WA",3,0.01,67600.0
"Mount Juliet, TN",3,0.01,52500.0
"Mount Kisco, NY",3,0.01,117785.33
"Mount Pleasant, PA",3,0.01,
"Mount Vernon, OH",3,0.01,
"Mundelein, IL",3,0.01,
"Muskogee, OK",3,0.01,
"National City, CA",3,0.01,
"Neptune, NJ",3,0.01,
"New Castle, DE",3,0.01,55000.0
"New Haven County, CT",3,0.01,120000.0
"New Lenox, IL",3,0.01,
"New Port Richey, FL",3,0.01,31543.2
"New Prague, MN",3,0.01,
"New Richmond, WI",3,0.01,
"Newberg, OR",3,0.01,46280.0
"Newburgh, IN",3,0.01,38480.0
"Newington, CT",3,0.01,
"Nicholasville, KY",3,0.01,
"Nokomis, FL",3,0.01,
"North East, MD",3,0.01,42640.0
"North Liberty, NC",3,0.01,
"North Miami Beach, FL",3,0.01,96500.0
"North Miami, FL",3,0.01,
"North Myrtle Beach, SC",3,0.01,42640.0
"North Reading, MA",3,0.01,154960.0
"North Wales, PA",3,0.01,165410.0
"Northfield, IL",3,0.01,
"Northwood, OH",3,0.01,
"Oak Park, IL",3,0.01,65000.0
"Oakwood, GA",3,0.01,
"Oceanside, CA",3,0.01,87000.0
"Old Bridge, NJ",3,0.01,
"Old Fort, NC",3,0.01,
"Olive Branch, MS",3,0.01,
"Olney, MD",3,0.01,104338.0
"Orange City, FL",3,0.01,
"Orland Park, IL",3,0.01,
"Oswego, IL",3,0.01,57500.0
"Ottawa, KS",3,0.01,
"Painted Post, NY",3,0.01,
"Palm Bay, FL",3,0.01,64000.0
"Palm Harbor, FL",3,0.01,80000.0
"Paris, TX",3,0.01,119600.0
"Pasco, WA",3,0.01,60034.0
"Passaic, NJ",3,0.01,82500.0
"Patterson, OH",3,0.01,95650.0
"Patuxent River, MD",3,0.01,162250.0
"Pelham, AL",3,0.01,
"Pella, IA",3,0.01,
"Pennington, NJ",3,0.01,
"Perris, CA",3,0.01,43903.6
"Perth Amboy, NJ",3,0.01,39338.0
"Pewaukee, WI",3,0.01,
"Philadelphia, Pennsylvania, United States",3,0.01,
"Phoenixville, PA",3,0.01,
"Pierre, SD",3,0.01,57500.0
"Pikeville, KY",3,0.01,26790.4
"Pineville, LA",3,0.01,51756.0
"Pineville, NC",3,0.01,
"Pittsburg, KS",3,0.01,
"Pittston, PA",3,0.01,38480.0
"Pleasant Hill, CA",3,0.01,83206.4
"Pomona, CA",3,0.01,96400.0
"Ponca City, OK",3,0.01,
"Port Charlotte, FL",3,0.01,162500.0
"Port Huron, MI",3,0.01,
"Port Orange, FL",3,0.01,56680.0
"Portland, TN",3,0.01,
"Pottstown, PA",3,0.01,
"Quincy, IL",3,0.01,150000.0
"Redondo Beach, CA",3,0.01,63679.18
"Rensselaer, NY",3,0.01,48880.0
"Reynoldsburg, OH",3,0.01,
"Richlands, VA",3,0.01,
"Richmond, IN",3,0.01,130000.0
"Ridgewood, NJ",3,0.01,
"River Forest, IL",3,0.01,
"Roanoke, TX",3,0.01,135000.0
"Rochester, NH",3,0.01,88400.0
"Rockaway, NJ",3,0.01,
"Rome, NY",3,0.01,67585.0
"Romeoville, IL",3,0.01,
"Rosemead, CA",3,0.01,121000.0
"Rosemount, MN",3,0.01,75000.0
"Roseville, MI",3,0.01,37440.0
"Royal Oak, MI",3,0.01,
"Rutherford, NJ",3,0.01,97500.0
"Rye Brook, NY",3,0.01,178860.0
"Saginaw, MI",3,0.01,
"Salem, NH",3,0.01,47500.0
"San Bernardino County, CA",3,0.01,96465.87
"San Clemente, CA",3,0.01,96820.0
"San Gabriel, CA",3,0.01,47500.0
"San Luis Obispo County, CA",3,0.01,99678.0
"San Marino, CA",3,0.01,74360.0
"San Mateo County, CA",3,0.01,101343.0
"Saugus, MA",3,0.01,
"Sayre, PA",3,0.01,
"Scarborough, ME",3,0.01,74420.0
"Scottsbluff, NE",3,0.01,49500.0
"Sedro-Woolley, WA",3,0.01,83127.2
"Seffner, FL",3,0.01,
"Seguin, TX",3,0.01,
"Selma, AL",3,0.01,
"Shorewood, IL",3,0.01,32760.0
"Silicon Valley, CA",3,0.01,99000.0
"Simpsonville, SC",3,0.01,72800.0
"Snellville, GA",3,0.01,
"Somerset, KY",3,0.01,
"South Burlington, VT",3,0.01,
"Southaven, MS",3,0.01,110000.0
"Spanaway, WA",3,0.01,110000.0
Spokane-Coeur d'Alene Area,3,0.01,
"Springfield, TN",3,0.01,
"St Helena, CA",3,0.01,90885.6
"St Petersburg, Florida, United States",3,0.01,47840.0
"St. Louis County, MO",3,0.01,
"Stoneham, MA",3,0.01,
"Stuart, FL",3,0.01,
"Sturtevant, WI",3,0.01,
"Sudbury, MA",3,0.01,95000.0
"Surprise, AZ",3,0.01,88000.0
"Sylvania, OH",3,0.01,
"Tappahannock, VA",3,0.01,
"Temple Terrace, FL",3,0.01,
"Texarkana, AR",3,0.01,
"Thief River Falls, MN",3,0.01,72800.0
"Titusville, FL",3,0.01,26000.0
"Tomball, TX",3,0.01,
"Torrington, CT",3,0.01,
"Triangle, NC",3,0.01,110000.0
"Trinity, FL",3,0.01,
"Tulare, CA",3,0.01,34458.67
"Tunnel Hill, GA",3,0.01,
"Twin Falls, ID",3,0.01,49400.0
"Union, NJ",3,0.01,105000.0
"Uniondale, NY",3,0.01,70000.0
"Vacaville, CA",3,0.01,48260.0
"Verona, WI",3,0.01,
"Vicksburg, MS",3,0.01,
"Vonore, TN",3,0.01,
"Voorhees, NJ",3,0.01,
"Walnut, CA",3,0.01,
"Warren, RI",3,0.01,50250.0
"Warrendale, PA",3,0.01,215000.0
"Warrenville, IL",3,0.01,52000.0
"Washington, NC",3,0.01,
"Washington, PA",3,0.01,91150.0
"Watertown, SD",3,0.01,34320.0
"Wauwatosa, WI",3,0.01,53350.0
"Wellington, KS",3,0.01,
"West Chicago, IL",3,0.01,54704.0
"West Orange, NJ",3,0.01,
"West Point, PA",3,0.01,181380.0
"Westbrook, ME",3,0.01,
"Westminster, MD",3,0.01,
"Westwood, MA",3,0.01,198750.0
"Wheeling, WV",3,0.01,
"White City, OR",3,0.01,
"Whittier, CA",3,0.01,52000.0
"Willard, OH",3,0.01,66300.0
"Willis, TX",3,0.01,
"Willmar, MN",3,0.01,63500.0
"Wilmington, OH",3,0.01,
"Wilsonville, OR",3,0.01,69900.0
"Winder, GA",3,0.01,
"Windsor, CO",3,0.01,62760.0
"Winnetka, IL",3,0.01,44720.0
"Woodridge, IL",3,0.01,110000.0
"Wyoming, MI",3,0.01,58000.0
"Wytheville, VA",3,0.01,63125.0
"Yarmouth, MA",3,0.01,
"Abingdon, VA",2,0.01,49920.0
"Absecon, NJ",2,0.01,
"Acampo, CA",2,0.01,46467.2
"Albany, OR",2,0.01,146500.0
"Alcoa, TN",2,0.01,103750.0
"All Seasons Lake Park, OH",2,0.01,
"All, MO",2,0.01,164350.0
"Allegan, MI",2,0.01,55000.0
"Allendale, NJ",2,0.01,62500.0
"Alliance, OH",2,0.01,
"Altoona, IA",2,0.01,37440.0
"Alturas, CA",2,0.01,
"Amsterdam, NY",2,0.01,
"Anacortes, WA",2,0.01,53771.2
"Andrews AFB, MD",2,0.01,
"Anoka, MN",2,0.01,
"Antioch, CA",2,0.01,75000.0
"Apache Junction, AZ",2,0.01,
"Arcadia, CA",2,0.01,145000.0
"Ashland, MT",2,0.01,
"Ashtabula, OH",2,0.01,107500.0
"Atchison, KS",2,0.01,
"Athens, TX",2,0.01,75000.0
"Atlantic City, NJ",2,0.01,137500.0
"Attleboro, MA",2,0.01,28080.0
"Auburn, AL",2,0.01,
"Auburn, GA",2,0.01,
"Auburn, MA",2,0.01,
"Auburn, ME",2,0.01,35360.0
"Austin, MN",2,0.01,
"Avon, CT",2,0.01,
"Azusa, CA",2,0.01,100880.0
"Bal Harbour, FL",2,0.01,
"Baraboo, WI",2,0.01,
"Bardstown, KY",2,0.01,
"Bartlett, IL",2,0.01,47840.0
"Bastrop, TX",2,0.01,
"Batavia, NY",2,0.01,49500.0
"Batesville, IN",2,0.01,94640.0
Baton Rouge Metropolitan Area,2,0.01,
"Bay City, MI",2,0.01,
"Beachwood, OH",2,0.01,100000.0
"Beaufort, SC",2,0.01,
"Bedford Park, IL",2,0.01,56030.0
"Bedminster, NJ",2,0.01,
"Beeville, TX",2,0.01,
"Belcamp, MD",2,0.01,
"Bellaire, TX",2,0.01,
"Bellflower, CA",2,0.01,35880.0
"Benson, MN",2,0.01,
"Berlin, CT",2,0.01,
"Bessemer, AL",2,0.01,
"Bethpage, NY",2,0.01,63967.52
"Bettendorf, IA",2,0.01,
"Big Rapids, MI",2,0.01,
"Big Spring, TX",2,0.01,
"Blackwood, NJ",2,0.01,101250.0
"Bloomsburg, PA",2,0.01,47500.0
"Blue Bell, PA",2,0.01,82500.0
"Bluffton, SC",2,0.01,
"Blythe, CA",2,0.01,70626.4
"Boardman, OH",2,0.01,
"Boardman, OR",2,0.01,
"Boerne, TX",2,0.01,
"Boscawen, NH",2,0.01,
"Boston Heights, OH",2,0.01,
"Boulder City, NV",2,0.01,48520.0
"Boulder County, CO",2,0.01,87500.0
"Branchburg, NJ",2,0.01,
"Braselton, GA",2,0.01,37700.0
"Brawley, CA",2,0.01,135000.0
"Brenham, TX",2,0.01,60000.0
"Brentwood, CA",2,0.01,34320.0
"Bridgeton, NJ",2,0.01,
"Brighton, CO",2,0.01,33176.0
"Bristol, IN",2,0.01,
"Bristol, TN",2,0.01,
"Bristow, VA",2,0.01,
"Brockton, MA",2,0.01,
"Broken Arrow, OK",2,0.01,
"Brownwood, TX",2,0.01,
"Brunswick, OH",2,0.01,
"Bryan, OH",2,0.01,
"Buckeye, AZ",2,0.01,
"Buckhead, GA",2,0.01,
"Buena, NJ",2,0.01,
"Bullhead City, AZ",2,0.01,61740.0
"Burien, WA",2,0.01,46633.6
"Burlington, NJ",2,0.01,
"Butte, MT",2,0.01,46800.0
"Byhalia, MS",2,0.01,70501.6
"Byron, IL",2,0.01,118750.0
"Caddo Mills, TX",2,0.01,
"Caledonia, MI",2,0.01,
"Cambridge, MD",2,0.01,72040.0
"Cameron, TX",2,0.01,137500.0
"Campbell, FL",2,0.01,107500.0
"Canon City, CO",2,0.01,64480.0
"Canton, MI",2,0.01,
"Cape Canaveral, FL",2,0.01,
"Cape May Court House, NJ",2,0.01,
"Capitol Heights, MD",2,0.01,87129.0
"Carlstadt, NJ",2,0.01,100000.0
"Carmel, CA",2,0.01,117500.0
"Carnegie, PA",2,0.01,75000.0
"Carpinteria, CA",2,0.01,60100.0
"Cashton, WI",2,0.01,
"Catskill, NY",2,0.01,110000.0
"Centerville, TN",2,0.01,
"Central Islip, NY",2,0.01,39426.4
"Centreville, VA",2,0.01,
"Chadds Ford, PA",2,0.01,68.5
"Charleston, South Carolina, United States",2,0.01,175000.0
"Cheshire, CT",2,0.01,
"Chesterfield Township, MI",2,0.01,61360.0
"Chesterton, IN",2,0.01,
"China Lake, CA",2,0.01,
"Circleville, OH",2,0.01,
"City Park, UT",2,0.01,41142.4
"Clara City, MN",2,0.01,50300.0
"Claremont, NH",2,0.01,
"Clarksburg, WV",2,0.01,
"Clinton, IA",2,0.01,
"Clinton, NJ",2,0.01,
"Clovis, CA",2,0.01,57200.0
"Cobb County, GA",2,0.01,61649.0
"Colchester, VT",2,0.01,80111.2
"Coldwater, MI",2,0.01,
"Collinsville, IL",2,0.01,
"Colonial Heights, VA",2,0.01,79356.0
"Colton, CA",2,0.01,
"Columbia, PA",2,0.01,
"Commerce, CA",2,0.01,
"Compton, CA",2,0.01,35880.0
"Conway, AR",2,0.01,
"Coon Rapids, MN",2,0.01,63500.0
"Core, WV",2,0.01,
"Corinth, MS",2,0.01,
"Cornelia, GA",2,0.01,91500.0
"Cottage Grove, OR",2,0.01,51875.2
"Covina, CA",2,0.01,25491.75
"Covington, KY",2,0.01,
"Coxsackie, NY",2,0.01,
Crestview-Fort Walton Beach-Destin Area,2,0.01,237500.0
"Crown Point, IN",2,0.01,
"Crystal Springs, MS",2,0.01,
"Daggett, CA",2,0.01,
"Dalhart, TX",2,0.01,
"Dallas, Texas, United States",2,0.01,
"Dallastown, PA",2,0.01,
"Danville, PA",2,0.01,
"Dardanelle, AR",2,0.01,
"Dartmouth, MA",2,0.01,48500.0
"Dauphin County, PA",2,0.01,
"De Pere, WI",2,0.01,
"DeKalb, IL",2,0.01,
"Dearborn Heights, MI",2,0.01,37440.0
"Del Mar, CA",2,0.01,67500.0
"Delaware Water Gap, PA",2,0.01,
"Delphi, IN",2,0.01,
"Denver, NC",2,0.01,63587.5
"Destrehan, LA",2,0.01,47000.0
"Dickinson, ND",2,0.01,
"Dickson, TN",2,0.01,
"Dimondale, MI",2,0.01,150800.0
"Dobson, NC",2,0.01,
"Dover, NJ",2,0.01,52500.0
"Dripping Springs, TX",2,0.01,
"Dublin, VA",2,0.01,
"Duncan, OK",2,0.01,
"Durant, OK",2,0.01,55500.0
"East Aurora, NY",2,0.01,128862.5
"East Durham, NY",2,0.01,122175.0
"East Hampton, NY",2,0.01,148000.0
"East Lansing, MI",2,0.01,51750.0
"East Peoria, IL",2,0.01,88400.0
"East Rutherford, NJ",2,0.01,
"East St Louis, IL",2,0.01,
"Easton, MD",2,0.01,
"Eastpointe, MI",2,0.01,
"Eaton Rapids, MI",2,0.01,130000.0
"Eau Claire, WI",2,0.01,
"Edwards, CA",2,0.01,122080.0
"Elizabeth, NJ",2,0.01,
"Elk River, MN",2,0.01,
"Elma, NY",2,0.01,109408.0
"Elmwood Park, IL",2,0.01,56250.0
"Elwood, IL",2,0.01,41600.0
"Emlenton, PA",2,0.01,
"Enon, OH",2,0.01,40040.0
"Enterprise, AL",2,0.01,35360.0
"Escanaba, MI",2,0.01,55390.0
"Essington, PA",2,0.01,
"Eunice, NM",2,0.01,134484.5
"Exton, PA",2,0.01,76000.0
"Fairfax County, VA",2,0.01,120000.0
"Fairfax Station, VA",2,0.01,
"Fairfield, IA",2,0.01,72500.0
"Fallon, NV",2,0.01,
"Far-A-Field, PA",2,0.01,
Fargo-Moorhead,2,0.01,65000.0
"Farmington, NM",2,0.01,
"Fernandina Beach, FL",2,0.01,
"Ferndale, MI",2,0.01,
"Festus, MO",2,0.01,
"Fishkill, NY",2,0.01,
"Florence, AL",2,0.01,
"Florissant, MO",2,0.01,39520.0
"Flowery Branch, GA",2,0.01,
"Forest Park, IL",2,0.01,52000.0
"Forney, TX",2,0.01,
"Fort Lee, NJ",2,0.01,
"Fort Madison, IA",2,0.01,65447.2
"Fort Meade, Florida, United States",2,0.01,
"Fort Pierce, FL",2,0.01,36000.0
"Fort Washington, MD",2,0.01,
"Franconia, VA",2,0.01,
"Fredericksburg, TX",2,0.01,
"Freeport, ME",2,0.01,49920.0
"Gaffney, SC",2,0.01,
"Gahanna, OH",2,0.01,104000.0
"Gallatin, TN",2,0.01,46592.0
"Gallup, NM",2,0.01,54310.5
"Galt, CA",2,0.01,70000.0
"Gambrills, MD",2,0.01,
"Gap, PA",2,0.01,85000.0
"Gardner, KS",2,0.01,
"Geismar, LA",2,0.01,
"Geneva, NY",2,0.01,
"Germantown, WI",2,0.01,77500.0
"Glassboro, NJ",2,0.01,
"Glendale Heights, IL",2,0.01,68750.0
"Glenside, PA",2,0.01,
"Gloucester, VA",2,0.01,
"Goldsboro, NC",2,0.01,
"Gonzales, LA",2,0.01,
"Goodland, KS",2,0.01,67660.0
"Grafton, OH",2,0.01,
"Grand Rapids metropolitan area, MI",2,0.01,105000.0
"Granger, IN",2,0.01,
"Grants Pass, OR",2,0.01,128414.0
Greater Charlottesville Area,2,0.01,
Greater Corpus Christi Area,2,0.01,140400.0
Greater Farmington Area,2,0.01,
Greater Fort Wayne,2,0.01,
Greater Kennewick Area,2,0.01,
Greater Syracuse-Auburn Area,2,0.01,
Greater Yakima Area,2,0.01,50460.8
"Greeley, CO",2,0.01,46987.2
"Green Valley, AZ",2,0.01,63960.0
"Greencastle, PA",2,0.01,
"Greendale, IN",2,0.01,
"Greeneville, TN",2,0.01,
"Greenfield, MA",2,0.01,
"Greenwood, MS",2,0.01,
"Gretna, NE",2,0.01,33280.0
"Grove City, OH",2,0.01,
"Guilderland, NY",2,0.01,44720.0
"Gulf Breeze, FL",2,0.01,
"Gulf Shores, AL",2,0.01,70000.0
"Gulfport, MS",2,0.01,
"Gunnison, CO",2,0.01,
"Hackettstown, NJ",2,0.01,
"Hallandale Beach, FL",2,0.01,76500.0
"Hammonton, NJ",2,0.01,
"Hampton Roads, Virginia Metropolitan Area",2,0.01,81500.0
"Hannibal, MO",2,0.01,97500.0
"Hanover, MA",2,0.01,
"Hanover, NH",2,0.01,
"Hardeeville, SC",2,0.01,
"Hawley, MN",2,0.01,
"Hazel Crest, IL",2,0.01,
"Hazelwood, MO",2,0.01,
"Hazlet, NJ",2,0.01,
"Headquarters, KY",2,0.01,
"Heath, OH",2,0.01,
"Helena, MT",2,0.01,
"Helotes, TX",2,0.01,
"Hempstead, NY",2,0.01,
"Hephzibah, GA",2,0.01,
"Hercules, CA",2,0.01,97550.0
"Hermitage, PA",2,0.01,49500.0
"Highland, CA",2,0.01,100000.0
"Highlands Ranch, CO",2,0.01,48880.0
"Hillsboro, TX",2,0.01,
"Hillsborough County, FL",2,0.01,
"Hillside, NJ",2,0.01,
"Hilton Head Island, South Carolina Area",2,0.01,97375.0
"Hinesville, GA",2,0.01,
"Hingham, MA",2,0.01,
"Hobart, IN",2,0.01,
"Hobbs, NM",2,0.01,107000.0
"Hodgkins, IL",2,0.01,44200.0
"Holbrook, NY",2,0.01,37107.2
"Holland, OH",2,0.01,27040.0
"Home Park, Florida, United States",2,0.01,44553.6
"Homestead, FL",2,0.01,62500.0
"Hopewell, VA",2,0.01,49920.0
"Houston, Texas, United States",2,0.01,
"Hudson, NH",2,0.01,147290.0
"Hudson, WI",2,0.01,
"Huger, SC",2,0.01,
"Huntington Park, CA",2,0.01,161200.0
"Huntington, NY",2,0.01,57720.0
"Huntington, TX",2,0.01,22.5
"Hurricane, WV",2,0.01,
"Hurst, TX",2,0.01,
"Hutchins, TX",2,0.01,67600.0
"Hutchinson, MN",2,0.01,63500.0
"Hyannis, MA",2,0.01,
"Imperial, CA",2,0.01,122500.0
India,2,0.01,
"Indianapolis, Indiana, United States",2,0.01,
"Inver Grove Heights, MN",2,0.01,75950.0
"Irondale, AL",2,0.01,
"Irvine, California, United States",2,0.01,111640.0
"Jackson, GA",2,0.01,
"Jacksonville Beach, FL",2,0.01,
"Jamestown, CA",2,0.01,133997.5
"Janesville, WI",2,0.01,50000.0
"Jenks, OK",2,0.01,97500.0
"Jericho, NY",2,0.01,72498.8
"Jersey Shore, PA",2,0.01,
"Johnston, RI",2,0.01,
"Johnstown, CO",2,0.01,56042.0
"Jurupa Valley, CA",2,0.01,123406.4
"Kailua-Kona, HI",2,0.01,
"Keller, TX",2,0.01,55000.0
"Kendallville, IN",2,0.01,85000.0
"Kenmore, NY",2,0.01,
"Kennett Square, PA",2,0.01,
"Kentwood, MI",2,0.01,
"Ketchikan, AK",2,0.01,78925.6
"King City, MO",2,0.01,
"King County, WA",2,0.01,36927.0
"Kingwood, WV",2,0.01,
"Kinloch, MO",2,0.01,
"Knightdale, NC",2,0.01,
"Kohler, WI",2,0.01,93650.0
"Kutztown, PA",2,0.01,
"La Canada Flintridge, CA",2,0.01,65440.0
"La Grande, OR",2,0.01,
"La Puente, CA",2,0.01,46274.8
"LaVale, MD",2,0.01,
"Laconia, NH",2,0.01,
"Laguna Hills, CA",2,0.01,52000.0
"Lake Bluff, IL",2,0.01,
"Lake County, IN",2,0.01,270950.0
"Lake Oswego, OR",2,0.01,
"Lake Worth, FL",2,0.01,31200.0
"Lake in the Hills, IL",2,0.01,
"Lakehurst, NJ",2,0.01,
"Lakeside, AZ",2,0.01,53138.8
"Lakeville, MA",2,0.01,
"Lakewood Ranch, FL",2,0.01,
"Lancaster, SC",2,0.01,95000.0
"Lansdale, PA",2,0.01,420.0
"Laramie, WY",2,0.01,
"Laurel, MS",2,0.01,22880.0
"Laurinburg, NC",2,0.01,
Lawton Area,2,0.01,27560.0
"Leander, TX",2,0.01,
"Lebanon, IN",2,0.01,
"Lebanon, KY",2,0.01,82500.0
"Leetonia, OH",2,0.01,97500.0
"Leland, NC",2,0.01,
"Lemoore, CA",2,0.01,
"Lenoir, NC",2,0.01,105000.0
"Lewisberry, PA",2,0.01,
"Lewiston, ID",2,0.01,43680.0
"Lexington, NC",2,0.01,35360.0
"Lincoln Park, NJ",2,0.01,126250.0
"Lincoln, CA",2,0.01,74050.0
"Lincoln, Nebraska Metropolitan Area",2,0.01,60000.0
"Linthicum, MD",2,0.01,39520.0
"Little Chicago, WI",2,0.01,104500.0
"Little Elm, TX",2,0.01,
Little Rock Metropolitan Area,2,0.01,
"Littleton, NH",2,0.01,
"Live Oak, TX",2,0.01,
"Liverpool, NY",2,0.01,75362.5
"Lockport, NY",2,0.01,
"Locust Valley, NY",2,0.01,43340.0
"Lorain, OH",2,0.01,75000.0
"Los Osos, CA",2,0.01,
"Loveland, OH",2,0.01,
"Loves Park, IL",2,0.01,
"Loxahatchee, FL",2,0.01,
"Luray, VA",2,0.01,52000.0
"Lynwood, CA",2,0.01,67080.0
"Macomb, IL",2,0.01,
"Macomb, MI",2,0.01,120000.0
"Macon, MS",2,0.01,
"Madison Heights, MI",2,0.01,62400.0
"Madison, CT",2,0.01,
"Madison, TN",2,0.01,
"Maiden, NC",2,0.01,
"Malone, NY",2,0.01,59997.6
"Manhasset, NY",2,0.01,114400.0
"Manhattan, KS",2,0.01,94000.0
"Manitowoc, WI",2,0.01,
"Mankato, MN",2,0.01,
"Mansfield, OH",2,0.01,
"Marathon City, WI",2,0.01,
"Marietta, PA",2,0.01,
"Marin County, CA",2,0.01,105617.58
"Marion, SC",2,0.01,
"Marion, VA",2,0.01,
"Marlton, NJ",2,0.01,
"Marrero, LA",2,0.01,22880.0
"Marshfield, WI",2,0.01,
"Martinsburg, WV",2,0.01,
"Maryville, MO",2,0.01,
"Mashantucket, CT",2,0.01,
"Mayfield Heights, OH",2,0.01,95000.0
"McIntosh, AL",2,0.01,49920.0
"McMinnville, TN",2,0.01,
"McPherson, KS",2,0.01,54080.0
"Mebane, NC",2,0.01,65520.0
"Medford, NJ",2,0.01,
"Medina, MN",2,0.01,
Memphis Metropolitan Area,2,0.01,70000.0
"Meriden, CT",2,0.01,
"Merriam, KS",2,0.01,
"Middlebury, VT",2,0.01,72000.0
"Middlefield, CT",2,0.01,50960.0
"Middlesex County, NJ",2,0.01,
"Middleton, MA",2,0.01,
"Middletown, DE",2,0.01,
"Middletown, RI",2,0.01,
"Midlothian, TX",2,0.01,
"Midwest City, OK",2,0.01,28080.0
"Midwest, WY",2,0.01,
"Miles City, MT",2,0.01,
"Milford, MA",2,0.01,
"Milford, OH",2,0.01,57200.0
"Millersville, MD",2,0.01,57.5
"Millville, NJ",2,0.01,
"Milton, FL",2,0.01,
"Milton, VT",2,0.01,
"Minerva, OH",2,0.01,
"Miramar Beach, FL",2,0.01,42811.6
"Mishawaka, IN",2,0.01,
Mobile Metropolitan Area,2,0.01,63000.0
"Monroe, MI",2,0.01,44720.0
"Monroe, NC",2,0.01,
"Monrovia, CA",2,0.01,67600.0
"Montecito, CA",2,0.01,78000.0
"Monterey Park, CA",2,0.01,113199.5
"Montgomery, IL",2,0.01,
"Monticello, MN",2,0.01,
"Montpelier, VT",2,0.01,73000.0
"Montvale, NJ",2,0.01,75000.0
"Moon, PA",2,0.01,
"Mooresville, IN",2,0.01,
"Morganfield, KY",2,0.01,
"Morgantown, KY",2,0.01,
"Morris County, NJ",2,0.01,
"Morris, IL",2,0.01,
"Morrison, TN",2,0.01,
"Morrisville, PA",2,0.01,
"Moscow, ID",2,0.01,97500.0
"Moss Point, MS",2,0.01,
"Mount Sterling, KY",2,0.01,
"Mount Vernon, IL",2,0.01,
"Mountainside, NJ",2,0.01,
"Muncie, IN",2,0.01,
"Murrysville, PA",2,0.01,34320.0
"Muscatine, IA",2,0.01,
"Napa County, CA",2,0.01,117500.0
"Nederland, TX",2,0.01,
"New Castle, PA",2,0.01,51500.0
"New Hartford, NY",2,0.01,
"New Hope, MN",2,0.01,
"New Iberia, LA",2,0.01,
"New Philadelphia, OH",2,0.01,29640.0
"New Rochelle, NY",2,0.01,
"New Ulm, MN",2,0.01,
"Newburgh, NY",2,0.01,
"Newport, AR",2,0.01,
"Newport, OR",2,0.01,101842.0
"Newport, RI",2,0.01,
"Newtown, PA",2,0.01,
"Niagara Falls, NY",2,0.01,161000.0
"Niceville, FL",2,0.01,27040.0
"Niles, IL",2,0.01,57200.0
"Niles, MI",2,0.01,
"Nixa, MO",2,0.01,
"Nogales, AZ",2,0.01,81068.0
"Normal, IL",2,0.01,
"Norristown, PA",2,0.01,75000.0
"North Andover, MA",2,0.01,52520.0
"North Canton, OH",2,0.01,52000.0
"North Chicago, IL",2,0.01,106080.0
"North Olmsted, OH",2,0.01,
"North Palm Beach, FL",2,0.01,
"North Riverside, IL",2,0.01,
"North Royalton, OH",2,0.01,62400.0
"North Township, IN",2,0.01,
"North Vernon, IN",2,0.01,100000.0
"Northern, VA",2,0.01,117500.0
"Northlake, IL",2,0.01,67262.0
"Northport, AL",2,0.01,
"Norwalk, CA",2,0.01,140000.0
"Norwood, OH",2,0.01,42640.0
"O'Fallon, IL",2,0.01,95650.0
"Oakdale, MN",2,0.01,43680.0
"Oakland County, MI",2,0.01,74037.5
"Oaks, PA",2,0.01,
"Oberlin, OH",2,0.01,
"Ocoee, FL",2,0.01,39520.0
"Okeechobee, FL",2,0.01,
"Okemos, MI",2,0.01,
"Olympic Valley, CA",2,0.01,
"Ooltewah, TN",2,0.01,97500.0
"Opelika, AL",2,0.01,57500.0
"Opelousas, LA",2,0.01,
"Oracle, AZ",2,0.01,
"Orangeburg, NY",2,0.01,35880.0
"Orchard Park, NY",2,0.01,209050.0
"Oregon City, OR",2,0.01,
"Orlando, Florida, United States",2,0.01,
"Oroville, CA",2,0.01,
"Orrville, OH",2,0.01,
"Osseo, MN",2,0.01,69414.8
"Otsego, MN",2,0.01,
"Ottawa, IL",2,0.01,
"Owasso, OK",2,0.01,80000.0
"Oxford, OH",2,0.01,90000.0
"Ozark, AR",2,0.01,
"Pacifica, CA",2,0.01,100000.0
"Page, AZ",2,0.01,
"Palatine, IL",2,0.01,43680.0
"Palm Coast, FL",2,0.01,
"Palmer, MA",2,0.01,
"Palmetto, FL",2,0.01,34320.0
"Papillion, NE",2,0.01,
"Paragould, AR",2,0.01,
"Park Ridge, IL",2,0.01,
"Park Ridge, NJ",2,0.01,
"Parkersburg, WV",2,0.01,
"Parma, OH",2,0.01,
"Parsons, KS",2,0.01,
"Pascoag, RI",2,0.01,
"Payson, UT",2,0.01,
"Pearl City, HI",2,0.01,
"Pearl River, NY",2,0.01,
"Pearl, MS",2,0.01,
"Pennsauken, NJ",2,0.01,77500.0
Pensacola Metropolitan Area,2,0.01,63000.0
"Pikesville, MD",2,0.01,
"Pine Bluff, AR",2,0.01,127500.0
"Pinetops, NC",2,0.01,
"Plainsboro, NJ",2,0.01,249785.0
"Plattsburgh, NY",2,0.01,85000.0
"Pleasant Hill, MO",2,0.01,69160.0
"Plymouth, WI",2,0.01,
"Port Angeles, WA",2,0.01,50544.0
"Port Townsend, WA",2,0.01,43680.0
"Portland, Oregon, United States",2,0.01,
"Portsmouth, OH",2,0.01,
"Potomac, MD",2,0.01,135000.0
"Prescott, AZ",2,0.01,60000.0
"Progreso, TX",2,0.01,
"Pryor, OK",2,0.01,84000.0
Pueblo-Cañon City Area,2,0.01,150917.0
"Quakertown, PA",2,0.01,
"Queen Creek, AZ",2,0.01,
"Radnor, PA",2,0.01,123800.0
"Rahway, NJ",2,0.01,
"Rancho Santa Margarita, CA",2,0.01,
"Randolph, NJ",2,0.01,
"Rapid City, MI",2,0.01,52889.2
"Rawlins, WY",2,0.01,
"Raynham, MA",2,0.01,62530.0
"Redmond, OR",2,0.01,102960.0
"Residence Park, OH",2,0.01,
"Rialto, CA",2,0.01,189727.0
"Riceboro, GA",2,0.01,
"Richfield, MN",2,0.01,
"Ridgway, PA",2,0.01,210000.0
"Ripley, MS",2,0.01,
"Riverhead, NY",2,0.01,120487.5
"Riverton, UT",2,0.01,55000.0
"Riverview, FL",2,0.01,
"Riviera Beach, FL",2,0.01,45760.0
"Robinson, IL",2,0.01,
"Robstown, TX",2,0.01,
"Rochelle, IL",2,0.01,
"Rock Springs, WY",2,0.01,
"Rockingham, NC",2,0.01,76700.0
"Rockville Centre, NY",2,0.01,54600.0
"Rockwall, TX",2,0.01,50000.0
"Ronkonkoma, NY",2,0.01,64960.0
"Roselle, IL",2,0.01,65000.0
"Roswell, NM",2,0.01,
"Round Lake, IL",2,0.01,
"Rowland Heights, CA",2,0.01,75000.0
"Rusk, TX",2,0.01,
"Ruskin, FL",2,0.01,46500.0
"Russellton, PA",2,0.01,
"Russellville, KY",2,0.01,
"Saddle Brook, NJ",2,0.01,
"Salem, NJ",2,0.01,31200.0
"Saline, MI",2,0.01,
"Salt Lake County, UT",2,0.01,102960.0
"Sammamish, WA",2,0.01,46800.0
"San Bruno, CA",2,0.01,89480.0
"San Juan Bautista, CA",2,0.01,38173.2
"San Juan Capistrano, CA",2,0.01,95000.0
"Sandusky, OH",2,0.01,
"Santa Cruz, CA",2,0.01,60916.4
"Sausalito, CA",2,0.01,184526.63
"Schererville, IN",2,0.01,
"Scituate, MA",2,0.01,66560.0
"SeaTac, WA",2,0.01,80700.0
"Seabrook, NH",2,0.01,102500.0
"Sebastopol, CA",2,0.01,80000.0
"Sedalia, MO",2,0.01,
"Selinsgrove, PA",2,0.01,28080.0
"Sequim, WA",2,0.01,
"Severna Park, MD",2,0.01,
"Seymour, IN",2,0.01,119600.0
"Shaker Heights, OH",2,0.01,35568.0
"Sharonville, OH",2,0.01,75000.0
"Shawnee, KS",2,0.01,37648.0
"Shelby, NC",2,0.01,69380.0
"Shenandoah, IA",2,0.01,
"Sherwood, MI",2,0.01,
"Shippensburg, PA",2,0.01,
"Shoreline, WA",2,0.01,65021.2
"Silverdale, WA",2,0.01,102474.5
"Silverton, OR",2,0.01,
"Skaneateles, NY",2,0.01,62400.0
"Skowhegan, ME",2,0.01,117858.0
"Slidell, LA",2,0.01,
"Smithtown, NY",2,0.01,112028.8
"South Elgin, IL",2,0.01,
"South Hackensack, NJ",2,0.01,
"South Pasadena, CA",2,0.01,
"South Portland, ME",2,0.01,
"South Royalton, VT",2,0.01,
"Southampton, PA",2,0.01,92500.0
"Southington, CT",2,0.01,
"Sparta, TN",2,0.01,
"Spencer, IA",2,0.01,39655.2
"Springfield, Massachusetts Metropolitan Area",2,0.01,50960.0
"Springfield, PA",2,0.01,50000.0
"St Clair Shores, MI",2,0.01,75000.0
"St Clairsville, OH",2,0.01,
"St John, IN",2,0.01,
"St Johns, MI",2,0.01,
"St Joseph, MI",2,0.01,
"St. Louis City County, MO",2,0.01,
"Stanly County, NC",2,0.01,
"Starkville, MS",2,0.01,
"Statesville, NC",2,0.01,
"Staunton, VA",2,0.01,237500.0
"Sterling Wood, TX",2,0.01,69750.0
"Stoughton, MA",2,0.01,
"Streamwood, IL",2,0.01,108750.0
"Sturbridge, MA",2,0.01,
"Sturgeon Bay, WI",2,0.01,
"Suffolk City County, VA",2,0.01,120000.0
"Suffolk County, NY",2,0.01,100500.0
"Sulphur Springs, TX",2,0.01,
"Summit, NJ",2,0.01,
"Sumner, WA",2,0.01,80700.0
"Sun City, KS",2,0.01,
"Sun Prairie, WI",2,0.01,
"Swedesboro, NJ",2,0.01,95000.0
"Swiftwater, PA",2,0.01,72800.0
"Sylva, NC",2,0.01,
"Syosset, NY",2,0.01,90000.0
Tallahassee Metropolitan Area,2,0.01,33770.75
"Tallapoosa, GA",2,0.01,
"Tallassee, AL",2,0.01,
"Tampa, Florida, United States",2,0.01,
"Taylor, MI",2,0.01,
"Telford, PA",2,0.01,
"Teton Village, WY",2,0.01,
"Texarkana, TX",2,0.01,160000.0
"The Colony, TX",2,0.01,42500.0
"Thousand Palms, CA",2,0.01,
"Tifton, GA",2,0.01,30607.2
"Tilton, NH",2,0.01,102500.0
"Timonium, MD",2,0.01,39520.0
"Tinley Park, IL",2,0.01,
"Tinton Falls, NJ",2,0.01,58820.0
"Tomah, WI",2,0.01,
"Touchet, WA",2,0.01,78930.8
"Trenton, OH",2,0.01,
"Trussville, AL",2,0.01,125000.0
"Tucker, GA",2,0.01,27.0
"Tullahoma, TN",2,0.01,
"Tumwater, WA",2,0.01,39390.0
"Turlock, CA",2,0.01,53284.4
"Twinsburg, OH",2,0.01,
"Union Springs, AL",2,0.01,
"Union, SC",2,0.01,
"Upper Marlboro, MD",2,0.01,
Urbana-Champaign Area,2,0.01,237500.0
"Utah County, UT",2,0.01,135000.0
"Valdese, NC",2,0.01,
"Van Wert, OH",2,0.01,
"Vance, AL",2,0.01,74630.0
"Ventura County, CA",2,0.01,94320.0
"Venus, FL",2,0.01,
"Vermont, United States",2,0.01,
"Vernon, TX",2,0.01,
"Vineland, NJ",2,0.01,106250.0
"Volusia County, FL",2,0.01,
Waco Area,2,0.01,
"Waianae, HI",2,0.01,
"Wakefield, MA",2,0.01,90000.0
"Walla Walla, WA",2,0.01,36000.0
"Wallingford, Pennsylvania, United States",2,0.01,86320.0
"Walterboro, SC",2,0.01,
"Walton, KY",2,0.01,72.5
"Warrenton, VA",2,0.01,
"Washington County, AR",2,0.01,30000.0
"Washington, IA",2,0.01,
"Washington, UT",2,0.01,
"Waterford, CT",2,0.01,49500.0
"Watertown, NY",2,0.01,116938.25
"Weatherford, TX",2,0.01,63440.0
"Wentzville, MO",2,0.01,
"Wesley Chapel, FL",2,0.01,
"West Babylon, NY",2,0.01,120000.0
"West Bloomfield Township, MI",2,0.01,
"West Burlington, IA",2,0.01,
"West Covina, CA",2,0.01,44720.0
"West Coxsackie, NY",2,0.01,177339.5
"West Fargo, ND",2,0.01,
"West Hartford, CT",2,0.01,44148.0
"West Mifflin, PA",2,0.01,117250.0
"West Nyack, NY",2,0.01,206250.0
"West Plains, MO",2,0.01,66040.0
"West Point, GA",2,0.01,57500.0
"West Point, MS",2,0.01,74880.0
"West Point, VA",2,0.01,
"West Rancho Dominguez, CA",2,0.01,45791.2
"West Reading, PA",2,0.01,
"Western Springs, IL",2,0.01,
"Westfield, IN",2,0.01,195520.0
"Wethersfield, CT",2,0.01,
"Wharton, NJ",2,0.01,67600.0
"Whippany, NJ",2,0.01,107500.0
"White Lake, MI",2,0.01,
"White Marsh Station, MD",2,0.01,33800.0
"White River Junction, VT",2,0.01,41000.0
"White Sands, NM",2,0.01,
"Whiting, IN",2,0.01,50000.0
"Wichita, Kansas Metropolitan Area",2,0.01,
"Williamsport, MD",2,0.01,60000.0
"Williamstown, MA",2,0.01,
"Williamsville, NY",2,0.01,38480.0
"Williston, VT",2,0.01,
"Windsor, CA",2,0.01,170000.0
"Winona, MN",2,0.01,
"Winter Garden, FL",2,0.01,
"Winter Haven, FL",2,0.01,48002.76
"Woodburn, OR",2,0.01,
"Woodhull, NY",2,0.01,
"Woodland, CA",2,0.01,122729.6
"Woodlawn, MD",2,0.01,
"Woodlyn, PA",2,0.01,
"Woodward, OK",2,0.01,124670.0
"Woonsocket, RI",2,0.01,
"Wylie, TX",2,0.01,
"Wyoming, MN",2,0.01,39520.0
"Yankton, SD",2,0.01,
"Yelm, WA",2,0.01,44720.0
"York, SC",2,0.01,101920.0
"Yorktown Heights, NY",2,0.01,156600.0
"Yorkville, IL",2,0.01,
"Yuba City, CA",2,0.01,55871.6
"Zanesville, OH",2,0.01,
"Zeeland, MI",2,0.01,
"Zwolle, LA",2,0.01,
"Abbeville, SC",1,0.0,
"Aberdeen, SD",1,0.0,119340.0
"Aberdeen, WA",1,0.0,
"Abo, MO",1,0.0,
"Ada, MI",1,0.0,
"Ada, OK",1,0.0,
"Adrian, MI",1,0.0,
"Advance, NC",1,0.0,
"Agoura Hills, CA",1,0.0,102500.0
"Ahwatukee, AZ",1,0.0,44720.0
"Aiea, HI",1,0.0,
"Ajo, AZ",1,0.0,27040.0
"Ala Moana, HI",1,0.0,
"Alachua, FL",1,0.0,
"Alamance, NC",1,0.0,
"Alamo Heights, TX",1,0.0,
"Alamogordo, NM",1,0.0,
"Alanson, MI",1,0.0,39520.0
"Alaska, United States",1,0.0,
"Alburtis, PA",1,0.0,
"Alden, NY",1,0.0,
"Aledo, IL",1,0.0,
"Aledo, TX",1,0.0,
"Alexandria City County, VA",1,0.0,
"Alexandria, MN",1,0.0,102750.0
"Alfred, NY",1,0.0,
"Algonquin, IL",1,0.0,
"Alhambra, CA",1,0.0,43680.0
"Alice, TX",1,0.0,
"Alleman, IA",1,0.0,
"Allen Park, MI",1,0.0,65520.0
"Allenwood, PA",1,0.0,
"Aloha, OR",1,0.0,
"Alpine, CA",1,0.0,60800.0
"Altadena, CA",1,0.0,
"Altamonte Springs, FL",1,0.0,52000.0
"Alton, IL",1,0.0,
"Alvarado, TX",1,0.0,
"Ambler, PA",1,0.0,
"Amelia, LA",1,0.0,
"Amherst, NH",1,0.0,122500.0
"Amityville, NY",1,0.0,
"Ammon, ID",1,0.0,
"Andover, KS",1,0.0,
"Andover, MN",1,0.0,
"Andrews, SC",1,0.0,90000.0
"Angels Camp, CA",1,0.0,47840.0
"Angleton, TX",1,0.0,
"Anna, IL",1,0.0,62400.0
"Annandale, VA",1,0.0,
"Annawan, IL",1,0.0,
"Anselmo, NE",1,0.0,
"Anthem, AZ",1,0.0,52000.0
"Antigo, WI",1,0.0,58240.0
"Antioch, IL",1,0.0,
"Anton Chico, NM",1,0.0,
"Apollo Beach, FL",1,0.0,
"Appling, GA",1,0.0,
"Arcata, CA",1,0.0,
"Archbold, OH",1,0.0,72194.5
"Arden, NC",1,0.0,90000.0
"Ardmore, OK",1,0.0,35360.0
"Ardmore, PA",1,0.0,
"Arkadelphia, AR",1,0.0,27040.0
"Arlington, Virginia, United States",1,0.0,
"Arlington, WA",1,0.0,67766.4
"Arnold, MO",1,0.0,
"Artesia, MS",1,0.0,82500.0
"Artesia, NM",1,0.0,
"Asheboro, NC",1,0.0,
"Ashland City, TN",1,0.0,
"Ashland, MA",1,0.0,
"Ashland, OR",1,0.0,
"Ashland, VA",1,0.0,27820.0
"Ashland, WI",1,0.0,
"Aspen, CO",1,0.0,
"Astoria, OR",1,0.0,
"Atascadero, CA",1,0.0,72800.0
"Athol, ID",1,0.0,
"Atlantic Beach, FL",1,0.0,
"Atlantic Beach, NC",1,0.0,
"Attica, IN",1,0.0,
"Auburn, IN",1,0.0,
"Auburn, MI",1,0.0,
"Auburn, NY",1,0.0,
"Audubon, PA",1,0.0,
"Aurora, OR",1,0.0,
"Austin Township, MN",1,0.0,
"Avenel, NJ",1,0.0,
"Avon, MN",1,0.0,
"Avon, NY",1,0.0,
"Avondale, LA",1,0.0,
"Avondale, PA",1,0.0,
"Bagdad, AZ",1,0.0,
"Bainbridge Island, WA",1,0.0,124800.0
"Baker, LA",1,0.0,
"Baker, MT",1,0.0,
"Baker, WV",1,0.0,
"Baldwin City, KS",1,0.0,
"Baldwin County, AL",1,0.0,142500.0
"Baldwinsville, NY",1,0.0,57500.0
"Baldwinville, MA",1,0.0,
"Baldwyn, MS",1,0.0,
"Ballinger, TX",1,0.0,44720.0
"Baltimore, OH",1,0.0,155000.0
"Barberton, OH",1,0.0,
"Bargersville, IN",1,0.0,97500.0
"Barre, MA",1,0.0,78000.0
"Barrington, IL",1,0.0,52000.0
"Barry, IL",1,0.0,
"Bartonville, TX",1,0.0,
"Basalt, CO",1,0.0,
"Bath, PA",1,0.0,44720.0
"Baxter, MN",1,0.0,
"Bay Lake, FL",1,0.0,
"Bay Minette, AL",1,0.0,
"Bay St Louis, MS",1,0.0,
"Bayport, NY",1,0.0,43087.2
"Bear, DE",1,0.0,
"Beatrice, NE",1,0.0,
"Beaumont, CA",1,0.0,
Beaumont-Port Arthur Area,1,0.0,237500.0
"Beaver, PA",1,0.0,
"Beckett Ridge, OH",1,0.0,
"Beckley, WV",1,0.0,
"Bedford Heights, OH",1,0.0,36400.0
"Bedford Hills, NY",1,0.0,103000.0
"Bedford, TX",1,0.0,
"Beech Grove, IN",1,0.0,
"Beech Island, SC",1,0.0,
"Bel Air, MD",1,0.0,
"Belfast, ME",1,0.0,
"Belgrade, MT",1,0.0,
"Belleville, NJ",1,0.0,
"Bellevue, OH",1,0.0,
"Bellmawr, NJ",1,0.0,
"Bellows Falls, VT",1,0.0,
"Belmont, NC",1,0.0,115000.0
"Belmont, WI",1,0.0,72500.0
"Belvidere, IL",1,0.0,
"Bement, IL",1,0.0,
"Benbrook, TX",1,0.0,
"Benson, AZ",1,0.0,
"Benton, AR",1,0.0,
"Benton, IL",1,0.0,
"Bergenfield, NJ",1,0.0,
"Berkeley, MO",1,0.0,106080.0
"Berkley, MI",1,0.0,
"Berlin, MD",1,0.0,
"Berlin, NH",1,0.0,
"Berlin, NJ",1,0.0,
"Berlin, VT",1,0.0,40684.8
"Berlin, WI",1,0.0,
"Bernardsville, NJ",1,0.0,49000.0
"Berwyn, IL",1,0.0,
"Bethany, MO",1,0.0,
"Bibb Mill, AL",1,0.0,
"Bickleton, WA",1,0.0,
"Biddeford, ME",1,0.0,
"Big Lake, TX",1,0.0,
"Big Stone Gap, VA",1,0.0,
"Biscoe, NC",1,0.0,
"Bishopville, SC",1,0.0,27872.0
"Black Mountain, NC",1,0.0,
"Blacksburg, SC",1,0.0,
Blacksburg-Christiansburg-Radford Area,1,0.0,
"Blackwell, OK",1,0.0,
"Blaine, MN",1,0.0,
"Blaine, WA",1,0.0,
"Blair, NE",1,0.0,46800.0
"Blairsville, GA",1,0.0,
"Blandon, PA",1,0.0,
"Bloomer, WI",1,0.0,
"Bloomfield, NM",1,0.0,
"Bloomingdale, GA",1,0.0,
"Bloomington, CA",1,0.0,80700.0
"Bloomington–Normal, IL",1,0.0,
"Bloomsbury, NJ",1,0.0,
"Blue Ridge, VA",1,0.0,
"Bluefield, WV",1,0.0,
"Bluffdale, UT",1,0.0,54080.0
"Bluffton, IN",1,0.0,
"Blytheville, AR",1,0.0,
"Boaz, AL",1,0.0,
"Bohemia, NY",1,0.0,
"Boiling Springs, SC",1,0.0,
Boise Metropolitan Area,1,0.0,
"Bolivar, MO",1,0.0,
"Bolivia, NC",1,0.0,
"Bonney Lake, WA",1,0.0,
"Boone, NC",1,0.0,
"Booneville, MS",1,0.0,
"Boonton, NJ",1,0.0,
"Boothbay Harbor, ME",1,0.0,
"Bordentown, NJ",1,0.0,
"Borger, TX",1,0.0,
"Boston Run, PA",1,0.0,
"Bound Brook, NJ",1,0.0,
"Bourne, MA",1,0.0,
"Boxborough, MA",1,0.0,
"Boydton, VA",1,0.0,
"Boyertown, PA",1,0.0,
"Boylston, MA",1,0.0,
"Boynton, GA",1,0.0,
"Braintree, MA",1,0.0,
"Branford, CT",1,0.0,
Brazil,1,0.0,
"Breckenridge Hills, MO",1,0.0,
"Brecksville, OH",1,0.0,
"Bremen, IN",1,0.0,
"Bremerton, WA",1,0.0,
"Bridgeport, AL",1,0.0,84000.0
"Bridgeport, TX",1,0.0,
"Bridgeport, WV",1,0.0,
"Bridgeview, IL",1,0.0,
"Bridgman, MI",1,0.0,
"Bridgton, ME",1,0.0,
"Brier, WA",1,0.0,76960.0
"Brightwaters, NY",1,0.0,
"Brimfield, OH",1,0.0,
"Bristol County, MA",1,0.0,
"Bristol, NH",1,0.0,
"Bristol, PA",1,0.0,
"Britton, SD",1,0.0,70000.0
"Broadview, IL",1,0.0,
"Brookfield, MO",1,0.0,
"Brookhaven, GA",1,0.0,39520.0
"Brookings, SD",1,0.0,
"Brookland, AR",1,0.0,
"Brooklyn Center, MN",1,0.0,
"Brooklyn, OH",1,0.0,142500.0
"Brookshire, TX",1,0.0,
"Brooktondale, NY",1,0.0,
"Brookville, OH",1,0.0,
"Broome County, NY",1,0.0,95000.0
"Broussard, LA",1,0.0,
"Broward County, FL",1,0.0,
"Browns Summit, NC",1,0.0,
"Brownstown, MI",1,0.0,
"Brunswick, ME",1,0.0,
"Brunswick, TN",1,0.0,
"Bryant, AR",1,0.0,
"Bryan–College Station, Texas, United States",1,0.0,
"Bryson City, NC",1,0.0,
"Buckeye Lake, OH",1,0.0,56500.0
"Buena Vista, VA",1,0.0,
"Buffalo, WV",1,0.0,37440.0
"Buffalo, WY",1,0.0,48880.0
"Bunnell, FL",1,0.0,92500.0
"Burke, VA",1,0.0,
"Burleson, TX",1,0.0,
"Burlington Township, NJ",1,0.0,
"Burlington, IA",1,0.0,65900.0
"Burlington, WI",1,0.0,
"Burns, OR",1,0.0,72500.0
"Burrillville, RI",1,0.0,
"Burton, MI",1,0.0,
"Butler, NJ",1,0.0,49500.0
"Butler, PA",1,0.0,
"Byesville, OH",1,0.0,
"Byron, GA",1,0.0,32167.2
"Calera, AL",1,0.0,
"Calexico, CA",1,0.0,
"Calhoun County, AL",1,0.0,
"Calvert City, KY",1,0.0,
"Calvert, AL",1,0.0,
"Camas, WA",1,0.0,
"Cambridge, MN",1,0.0,
"Camden, ME",1,0.0,33046.0
"Camelback, California, United States",1,0.0,
"Cameron, MO",1,0.0,
"Camp Lejeune, NC",1,0.0,
Canada,1,0.0,
"Canada, NC",1,0.0,
"Canby, OR",1,0.0,
"Candler, NC",1,0.0,96900.0
"Cannon Falls, MN",1,0.0,58240.0
"Canonsburg, PA",1,0.0,62500.0
"Canton, NC",1,0.0,
"Cantonment, FL",1,0.0,
"Canyon, TX",1,0.0,
Cape Coral Metropolitan Area,1,0.0,
"Capistrano Beach, CA",1,0.0,
"Capitan, NM",1,0.0,
"Capitola, CA",1,0.0,100640.8
"Capron, VA",1,0.0,119600.0
"Carbondale, CO",1,0.0,97500.0
"Carbondale, PA",1,0.0,
"Cardiff-by-the-Sea, CA",1,0.0,58240.0
"Carle Place, NY",1,0.0,42120.0
"Carmi, IL",1,0.0,
"Caro, MI",1,0.0,
"Carpentersville, IL",1,0.0,62500.0
"Carrboro, NC",1,0.0,
"Carrizo Springs, TX",1,0.0,
"Carthage, MO",1,0.0,
"Carthage, TX",1,0.0,
"Casa Conejo, CA",1,0.0,81120.0
"Cashmere, WA",1,0.0,54080.0
"Cass, WV",1,0.0,
"Castle Hills, TX",1,0.0,
"Castro Valley, CA",1,0.0,
"Cathedral City, CA",1,0.0,
"Catonsville, MD",1,0.0,
"Catoosa, OK",1,0.0,77500.0
"Cave City, KY",1,0.0,
"Cayce, SC",1,0.0,64000.0
"Cedar City, UT",1,0.0,
"Cedar Creek, TX",1,0.0,163930.0
"Cedar Grove, NJ",1,0.0,
"Cedar Lake, IN",1,0.0,
"Cedar Springs, MI",1,0.0,
"Celebration, FL",1,0.0,
"Center City, MN",1,0.0,46976.8
"Center, IN",1,0.0,
"Centereach, NY",1,0.0,
"Centerville, GA",1,0.0,
"Centerville, IA",1,0.0,
"Centerville, OH",1,0.0,
"Central City, KY",1,0.0,
"Central, IN",1,0.0,
"Central, NC",1,0.0,87500.0
"Central, SC",1,0.0,
"Centralia, WA",1,0.0,
"Ceres, CA",1,0.0,146153.02
"Chalfont, PA",1,0.0,
"Chapin, SC",1,0.0,
"Charleroi, PA",1,0.0,
"Charles City, IA",1,0.0,
"Charleston, IL",1,0.0,
"Charlotte, AR",1,0.0,
"Charlotte, North Carolina, United States",1,0.0,
"Charter Oak, CA",1,0.0,
"Chatham County, NC",1,0.0,54347.0
"Chatham, IL",1,0.0,
"Cheney, WA",1,0.0,77188.8
"Cheraw, SC",1,0.0,
"Chester County, PA",1,0.0,105000.0
"Chester, MD",1,0.0,65000.0
"Chester, NJ",1,0.0,
"Chester, PA",1,0.0,
"Chester, SC",1,0.0,
"Chesterfield County, VA",1,0.0,
"Chesterfield, MI",1,0.0,
"Chestnut Ridge, NY",1,0.0,
"Chicago Heights, IL",1,0.0,
"Chicago Ridge, IL",1,0.0,
"Chicago, Illinois, United States",1,0.0,
"Chicopee, MA",1,0.0,
"Chilton, WI",1,0.0,
"Chisago City, MN",1,0.0,53040.0
"Christiansburg, VA",1,0.0,
"Cicero, IL",1,0.0,
"Cicero, NY",1,0.0,
"Circle Pines, MN",1,0.0,
"Clanton, AL",1,0.0,
"Claremont, CA",1,0.0,
"Claremont, NC",1,0.0,
"Clarence, NY",1,0.0,
"Clarinda, IA",1,0.0,
"Clarion, PA",1,0.0,
"Clark, NJ",1,0.0,
"Clarksboro, NJ",1,0.0,
"Clarkston, MI",1,0.0,
"Clarksville, IN",1,0.0,
"Claymont, DE",1,0.0,53040.0
"Clear Lake, IA",1,0.0,
"Clearfield, UT",1,0.0,60000.0
"Cleburne, TX",1,0.0,
"Clemson, SC",1,0.0,
"Cleveland Heights, OH",1,0.0,
"Cleveland, GA",1,0.0,
"Cleveland, MS",1,0.0,67600.0
"Cleveland, Ohio, United States",1,0.0,
"Clewiston, FL",1,0.0,130000.0
"Cliffwood, NJ",1,0.0,
"Clifton, TN",1,0.0,
"Clinton, IN",1,0.0,
"Clinton, MA",1,0.0,
"Clinton, MD",1,0.0,
"Clinton, MS",1,0.0,
"Clinton, NC",1,0.0,
"Clinton, OK",1,0.0,54500.0
"Clinton, SC",1,0.0,72800.0
"Clinton, TN",1,0.0,
"Clive, IA",1,0.0,
"Cloquet, MN",1,0.0,
"Clyde, NC",1,0.0,
"Clyde, NY",1,0.0,
"Coal City, IN",1,0.0,
"Coatesville, PA",1,0.0,
"Cocoa Beach, FL",1,0.0,
"Cocoa, FL",1,0.0,
"Coffeyville, KS",1,0.0,
"Cofield, NC",1,0.0,
College Station-Bryan Area,1,0.0,
"Collierville, TN",1,0.0,
"Collingswood, NJ",1,0.0,90000.0
"Collins, MS",1,0.0,
"Collinsville, AL",1,0.0,
"Columbia, MS",1,0.0,
"Columbine Valley, CO",1,0.0,79040.0
"Columbus metropolitan area, OH",1,0.0,
"Columbus, NE",1,0.0,
"Columbus, Ohio, United States",1,0.0,
"Commerce City, CO",1,0.0,75000.0
"Conneaut, OH",1,0.0,
"Conover, NC",1,0.0,
"Conway, NH",1,0.0,
"Cookeville, TN",1,0.0,
"Cool Spring, NC",1,0.0,
"Coon Valley, WI",1,0.0,
"Cooper City, FL",1,0.0,39000.0
"Coopersburg, PA",1,0.0,
"Coplay, PA",1,0.0,
"Coraopolis, PA",1,0.0,106150.0
"Cordele, GA",1,0.0,
"Cordova, AK",1,0.0,
"Corinne, UT",1,0.0,129200.0
"Cornelius, NC",1,0.0,
"Corning, NY",1,0.0,65520.0
"Corona del Mar, CA",1,0.0,160978.0
"Corsicana, TX",1,0.0,
"Cortlandt Manor, NY",1,0.0,
"Corydon, IA",1,0.0,
"Cos Cob, CT",1,0.0,78000.0
"Coshocton, OH",1,0.0,
"Cottage City, MD",1,0.0,
"Cottleville, MO",1,0.0,
"Cottondale, AL",1,0.0,
"Country Club Hills, IL",1,0.0,
"Coventry, RI",1,0.0,
"Covington, PA",1,0.0,
"Covington, WA",1,0.0,
"Cowpens, SC",1,0.0,
"Cranbury, NJ",1,0.0,
"Crane, IN",1,0.0,
"Cranford, NJ",1,0.0,
"Crawford County, OH",1,0.0,
"Crawford, TX",1,0.0,
"Crawfordsville, IN",1,0.0,
"Crescent City, CA",1,0.0,135002.4
"Crescent City, FL",1,0.0,
"Creston, IA",1,0.0,
"Crestview, FL",1,0.0,
"Crete, IL",1,0.0,
"Crofton, MD",1,0.0,
"Cross Junction, VA",1,0.0,
"Cross Lanes, WV",1,0.0,
"Crossville, TN",1,0.0,100000.0
"Crystal City, MO",1,0.0,
"Crystal City, TX",1,0.0,
"Crystal Lake, IL",1,0.0,105000.0
"Cudahy, WI",1,0.0,
"Cutler Bay, FL",1,0.0,
"Dacula, GA",1,0.0,
"Dahlgren, VA",1,0.0,
"Dakota Dunes, SD",1,0.0,
"Dakota, IL",1,0.0,
"Dallas City, IL",1,0.0,77480.0
"Dallas, GA",1,0.0,
"Damascus, MD",1,0.0,
"Danvers, MN",1,0.0,
"Darien, CT",1,0.0,
"Darien, IL",1,0.0,
"Dateland, AZ",1,0.0,
"Davidson County, TN",1,0.0,
"Davis, CA",1,0.0,53768.0
Dayton Metropolitan Area,1,0.0,
"Dayton, OR",1,0.0,
"Dayton, TN",1,0.0,
"Dayton, VA",1,0.0,
"De Forest, WI",1,0.0,
"De Witt, IA",1,0.0,
"DeLand, FL",1,0.0,
"Death Valley, CA",1,0.0,
"Decatur, MS",1,0.0,
"Deephaven, MN",1,0.0,48776.0
"Deer Park, NY",1,0.0,
"Defiance, OH",1,0.0,
"Del City, OK",1,0.0,
"Delaware, OH",1,0.0,
"Delaware, PA",1,0.0,
"Delmar, MD",1,0.0,52603.2
"Delmar, NY",1,0.0,88062.0
"Delta, CO",1,0.0,
"Demorest, GA",1,0.0,
"Denton, MD",1,0.0,48880.0
"Denver City, UT",1,0.0,
"Denver, Colorado, United States",1,0.0,
"Denver, IN",1,0.0,62691.2
"Dermott, AR",1,0.0,
"Derwood, MD",1,0.0,
"Des Moines, WA",1,0.0,39946.4
"Des Peres, MO",1,0.0,
"Devon, PA",1,0.0,70000.0
"Dewey Beach, DE",1,0.0,110000.0
"Dillon, MT",1,0.0,
"Disputanta, VA",1,0.0,
"Dixon, IL",1,0.0,
"Dobbs Ferry, NY",1,0.0,
"Dodge Center, MN",1,0.0,
"Dodge City, KS",1,0.0,
"Dodgeville, WI",1,0.0,
"Doraville, GA",1,0.0,
"Dorchester, MA",1,0.0,
"Douglas, GA",1,0.0,
"Dover, NH",1,0.0,
"Dowagiac, MI",1,0.0,
"Dresden, TN",1,0.0,
"Drums, PA",1,0.0,
"DuPage County, IL",1,0.0,
"Dublin, GA",1,0.0,
"Dudley, MA",1,0.0,
"Dulles Town Center, VA",1,0.0,
"Dumfries, VA",1,0.0,
"Duncannon, PA",1,0.0,
"Duncansville, PA",1,0.0,
"Dundee, OR",1,0.0,
"Dunkirk, NY",1,0.0,
"Durham, CT",1,0.0,
"Duryea, PA",1,0.0,
"Dutchess County, NY",1,0.0,
"Duvall, WA",1,0.0,97760.0
"Dyer, IN",1,0.0,
"Eagle Mountain, UT",1,0.0,133000.0
"Eagle Pass, TX",1,0.0,
"Eagle, ID",1,0.0,
"Earle, TX",1,0.0,
"Easley, SC",1,0.0,
"East Amherst, NY",1,0.0,
"East Dennis, MA",1,0.0,
"East Grand Forks, MN",1,0.0,
"East Greenbush, NY",1,0.0,
"East Hartford, NY",1,0.0,
"East Longmeadow, MA",1,0.0,124800.0
"East Lyme, CT",1,0.0,
"East Meadow, NY",1,0.0,
"East Northport, NY",1,0.0,
"East Orange, NJ",1,0.0,
"East Point, GA",1,0.0,
"East Stoneham, ME",1,0.0,47840.0
"Eastvale, CA",1,0.0,
"Eaton, OH",1,0.0,
"Eatontown, NJ",1,0.0,
"Eddystone, PA",1,0.0,
"Edgartown, MA",1,0.0,
"Edgerton, KS",1,0.0,
"Edgewater, NJ",1,0.0,
"Edgewood, MD",1,0.0,119550.0
"Edgewood, NY",1,0.0,
"Edinboro, PA",1,0.0,
"Edinburgh, IN",1,0.0,
"Edmonds, WA",1,0.0,
"Edwardsburg, MI",1,0.0,
"Edwardsville, KS",1,0.0,
"Egg Harbor, NJ",1,0.0,
"Eighty Four, PA",1,0.0,
"El Cajon, CA",1,0.0,117500.0
"El Dorado, KS",1,0.0,
"El Granada, CA",1,0.0,
"El Mirage, AZ",1,0.0,
"El Paso County, TX",1,0.0,
"Eldersburg, MD",1,0.0,
"Elgin, SC",1,0.0,
"Elgin, TX",1,0.0,
"Elizabeth City, NC",1,0.0,
"Elizabethtown, NC",1,0.0,
"Elk Horn, IA",1,0.0,
"Elkhorn, NE",1,0.0,77500.0
"Elkin, NC",1,0.0,
"Elkton, FL",1,0.0,36400.0
"Elkton, VA",1,0.0,
"Ellensburg, WA",1,0.0,45250.0
"Ellenton, FL",1,0.0,
"Ellenville, NY",1,0.0,43700.8
"Ellettsville, IN",1,0.0,
"Ellisville, MO",1,0.0,43160.0
"Ellsworth, IA",1,0.0,
"Ellsworth, WI",1,0.0,
"Elmendorf, TX",1,0.0,
"Elmer, NJ",1,0.0,
"Elmira, NY",1,0.0,127707.5
Elmira-Corning Area,1,0.0,
"Elmsford, NY",1,0.0,115500.0
"Emmett, ID",1,0.0,
"Emmitsburg, MD",1,0.0,
"Emporia, KS",1,0.0,
"Endicott, NY",1,0.0,45750.0
"Endwell, NY",1,0.0,
"England, AR",1,0.0,
"Englewood, OH",1,0.0,
"Englishtown, NJ",1,0.0,
"Ennis, TX",1,0.0,
"Enterprise, OR",1,0.0,
"Ephrata, WA",1,0.0,170000.0
"Erie, CO",1,0.0,
"Essex County, NJ",1,0.0,
"Estancia, NM",1,0.0,
"Estill, SC",1,0.0,
"Etna, OH",1,0.0,
"Eutaw, AL",1,0.0,
"Evans, GA",1,0.0,
"Evans, NY",1,0.0,42120.0
"Evansville, WY",1,0.0,
"Evergreen, CO",1,0.0,
"Ewa Gentry, HI",1,0.0,
"Ewing, NJ",1,0.0,
"Excelsior, MN",1,0.0,
"Exeter, CA",1,0.0,
"Exeter, NH",1,0.0,
"Fair Haven, VT",1,0.0,
"Fair Lawn, NJ",1,0.0,
"Fairborn, OH",1,0.0,83500.0
"Fairbury, NE",1,0.0,
"Fairfield County, CT",1,0.0,303700.0
"Fairfield, AL",1,0.0,
"Fairhaven, MA",1,0.0,
"Fairless Hills, PA",1,0.0,
"Fairmont, MN",1,0.0,
"Fairview Heights, IL",1,0.0,
"Faison, NC",1,0.0,110000.0
"Falconer, NY",1,0.0,89000.0
"Farmersburg, IN",1,0.0,
"Farmington, ME",1,0.0,62192.0
"Farmington, MO",1,0.0,
"Farmington, UT",1,0.0,
"Farragut, TN",1,0.0,
"Fayetteville, North Carolina Metropolitan Area",1,0.0,
"Feasterville, PA",1,0.0,
"Federalsburg, MD",1,0.0,90000.0
"Felicity, OH",1,0.0,
"Fergus Falls, MN",1,0.0,
"Ferndale, WA",1,0.0,
"Fife, WA",1,0.0,127000.0
"Fillmore, CA",1,0.0,52000.0
"Findlay, OH",1,0.0,
"Finney County, KS",1,0.0,
"Fitchburg, MA",1,0.0,
"Fleetwood, PA",1,0.0,110000.0
"Fleming Island, FL",1,0.0,56160.0
"Flemington, NJ",1,0.0,
"Florence County, SC",1,0.0,
"Florence, AZ",1,0.0,
"Florence, MA",1,0.0,
"Florence, MS",1,0.0,
"Florida, NY",1,0.0,
"Foley, AL",1,0.0,
"Fordland, MO",1,0.0,
"Forest City, NC",1,0.0,
"Forest Hill, MD",1,0.0,
"Forest Home, NY",1,0.0,114700.0
"Forest Lake, MN",1,0.0,
"Forest Park, GA",1,0.0,
"Forked River, NJ",1,0.0,
"Forkland, AL",1,0.0,
"Forsyth, GA",1,0.0,
"Forsyth, IL",1,0.0,
"Fort Atkinson, WI",1,0.0,
"Fort Campbell North, KY",1,0.0,
"Fort Defiance, AZ",1,0.0,
"Fort Defiance, VA",1,0.0,
"Fort Detrick, MD",1,0.0,
"Fort Duchesne, UT",1,0.0,
"Fort Gratiot, MI",1,0.0,
"Fort Hood, TX",1,0.0,33696.0
"Fort Huachuca, AZ",1,0.0,
"Fort Irwin, CA",1,0.0,
"Fort Kent, ME",1,0.0,
"Fort Leonard Wood, MO",1,0.0,
"Fort Mitchell, KY",1,0.0,
"Fort Morgan, CO",1,0.0,42224.0
"Fort Myer Heights, VA",1,0.0,140000.0
"Fort Myers Beach, FL",1,0.0,
"Fort Myers Shores, FL",1,0.0,
"Fort Payne, AL",1,0.0,
"Fort Riley, KS",1,0.0,15.89
"Fort Stockton, TX",1,0.0,70000.0
"Fort Thomas, KY",1,0.0,
"Fort Valley, GA",1,0.0,
"Foster, RI",1,0.0,
"Fostoria, OH",1,0.0,
"Fountain Inn, SC",1,0.0,
"Fowler, CA",1,0.0,
"Fox River Grove, IL",1,0.0,
"Foxborough (Foxboro), MA",1,0.0,
"Foxborough, MA",1,0.0,
"Frankfort, IL",1,0.0,31200.0
"Frankfort, IN",1,0.0,60000.0
"Franklin, NC",1,0.0,93000.0
"Franklin, NH",1,0.0,
"Franklin, OH",1,0.0,
"Franklin, VA",1,0.0,100250.0
"Frederick County, MD",1,0.0,69250.0
"Fredericksburg, PA",1,0.0,34632.0
"Fredonia, NY",1,0.0,
"Free Home, GA",1,0.0,
"Freeburg, IL",1,0.0,
"Freedom, CA",1,0.0,
"Freedom, PA",1,0.0,
"Freeland, MI",1,0.0,
"Freeport, IL",1,0.0,
"Fremont, California, United States",1,0.0,
"Fremont, NE",1,0.0,
"Frenchtown, MI",1,0.0,
"Front Royal, VA",1,0.0,
"Fulshear, TX",1,0.0,
"Fulton, NY",1,0.0,
"Fuquay-Varina, NC",1,0.0,71900.0
"Gainesville, MS",1,0.0,93650.0
"Gainesville, TX",1,0.0,80000.0
"Galesburg, IL",1,0.0,
"Galesburg, MI",1,0.0,
"Galion, OH",1,0.0,
"Galveston, TX",1,0.0,
"Garciasville, TX",1,0.0,
"Garden City, GA",1,0.0,39520.0
"Garden City, MI",1,0.0,
"Gardner, MA",1,0.0,
"Garfield Heights, OH",1,0.0,
"Garnet Valley, PA",1,0.0,
"Gary, IN",1,0.0,
"Gaston, SC",1,0.0,135000.0
"Gates Mills, OH",1,0.0,
"Gaylord, MI",1,0.0,
"Gaylord, MN",1,0.0,
"Geneva, AL",1,0.0,
"Geneva, IL",1,0.0,102500.0
"Genoa, OH",1,0.0,
"Georgetown, DE",1,0.0,
Germany,1,0.0,
"Getzville, NY",1,0.0,128960.0
"Gibsonia, PA",1,0.0,
"Gilbert, PA",1,0.0,57502.5
"Gilbert, SC",1,0.0,
"Glasgow, DE",1,0.0,
"Glen Carbon, IL",1,0.0,
"Glen Ellyn, IL",1,0.0,
"Glen Mills, PA",1,0.0,90000.0
"Glen, MS",1,0.0,
"Glendive, MT",1,0.0,
"Glenmont, NY",1,0.0,
"Glenpool, OK",1,0.0,
"Glenville, WV",1,0.0,19000.0
"Glenwood Springs, CO",1,0.0,39104.0
"Gold Canyon, AZ",1,0.0,135000.0
"Gonzales, TX",1,0.0,
"Goodfellow Air Force Base, Texas, United States",1,0.0,
"Gooding, ID",1,0.0,
"Goodwell, OK",1,0.0,
"Grafton, WI",1,0.0,
"Graham, NC",1,0.0,
"Graham, TX",1,0.0,
"Granbury, TX",1,0.0,
"Granby, CO",1,0.0,
"Granite City, IL",1,0.0,30160.0
"Grant, IL",1,0.0,45760.0
"Grantsburg, WI",1,0.0,
"Gray Court, SC",1,0.0,
"Grayson, GA",1,0.0,70000.0
"Great Falls, MT",1,0.0,49500.0
"Great River, NY",1,0.0,50875.0
Greater Asheville,1,0.0,
Greater Bangor Area,1,0.0,90000.0
"Greater Bloomington, Illinois Area",1,0.0,31200.0
Greater Clarksville Area,1,0.0,
Greater Colorado Springs Area,1,0.0,43680.0
"Greater Columbia, Missouri Area",1,0.0,73000.0
Greater Dothan,1,0.0,
Greater Eugene-Springfield Area,1,0.0,237500.0
"Greater Fayetteville, AR Area",1,0.0,
Greater Fort Collins Area,1,0.0,75000.0
Greater Hattiesburg Area,1,0.0,
Greater Idaho Falls,1,0.0,
Greater Jackson Area,1,0.0,
"Greater Jackson, MI Area",1,0.0,46124.0
"Greater Jacksonville, NC Area",1,0.0,
Greater Jefferson City Area,1,0.0,30940.0
Greater McAllen Area,1,0.0,90000.0
Greater Missoula Area,1,0.0,
Greater Ocala Area,1,0.0,
Greater Palm Bay-Melbourne-Titusville Area,1,0.0,237500.0
"Greater Prescott, AZ Area",1,0.0,
Greater Roanoke Area,1,0.0,
Greater Rockford Area,1,0.0,
Greater Savannah Area,1,0.0,
Greater Scranton Area,1,0.0,55300.0
Greater Sioux Falls Area,1,0.0,75000.0
Greater Tucson Area,1,0.0,
Greater Tuscaloosa Area,1,0.0,
Greater Wilmington Area,1,0.0,
"Green Bank, WV",1,0.0,
"Green Forest, AR",1,0.0,
"Greenbrier, AR",1,0.0,
"Greencastle, IN",1,0.0,
"Greenfield, IN",1,0.0,
"Greenfield, OH",1,0.0,
"Greenfield, WI",1,0.0,
"Greenleaf, WI",1,0.0,
"Greensburg, IN",1,0.0,
"Greenville County, SC",1,0.0,127500.0
"Greenville, TX",1,0.0,28080.0
"Greenwood, NE",1,0.0,
"Groesbeck, TX",1,0.0,
"Grosse Pointe Woods, MI",1,0.0,60000.0
"Grove, OK",1,0.0,
"Groveland, CA",1,0.0,
"Groveland, MI",1,0.0,
"Guilford, CT",1,0.0,
"Guntersville, AL",1,0.0,
"Guntown, MS",1,0.0,
"Guthrie, KY",1,0.0,
"Hackleburg, AL",1,0.0,
"Haines City, FL",1,0.0,52000.0
"Halethorpe, MD",1,0.0,
"Halfmoon, NY",1,0.0,35464.0
"Hallock, MN",1,0.0,
"Halsey, OR",1,0.0,
"Hamburg, NY",1,0.0,80700.0
"Hamilton County, OH",1,0.0,
"Hamilton Square, NJ",1,0.0,
"Hamilton, MT",1,0.0,
"Hamlin, WV",1,0.0,
"Hampton, GA",1,0.0,
"Hanahan, SC",1,0.0,
"Hancocks Bridge, NJ",1,0.0,93000.0
"Hanover Park, IL",1,0.0,
"Harbeson, DE",1,0.0,50960.0
"Harriman, TN",1,0.0,
"Harrington, DE",1,0.0,
"Harrison, AR",1,0.0,
"Harrison, MI",1,0.0,
"Harrison, NY",1,0.0,76500.0
"Harrisonburg, VA",1,0.0,
Harrisonburg-Staunton-Waynesboro Area,1,0.0,
"Harrisonville, MO",1,0.0,
"Harrold, SD",1,0.0,
"Hartford City, IN",1,0.0,
"Harvey, IL",1,0.0,
"Harvey, LA",1,0.0,
"Haskell, TX",1,0.0,
"Hatboro, PA",1,0.0,
"Hatfield, PA",1,0.0,
"Havertown, PA",1,0.0,
"Hawthorne, NY",1,0.0,
"Haymarket, VA",1,0.0,
"Hayward, WI",1,0.0,
"Headquarters, NJ",1,0.0,
"Hebron, ME",1,0.0,
"Hemet, CA",1,0.0,
"Henderson, KY",1,0.0,
"Hendersonville, NC",1,0.0,
"Herlong, CA",1,0.0,
"Hernando, MS",1,0.0,
"Herndon, KS",1,0.0,
"Hesperia, CA",1,0.0,82500.0
"Hesston, KS",1,0.0,
"Hialeah Gardens, FL",1,0.0,
"Hiawatha, IA",1,0.0,
"Hickory Hills, IL",1,0.0,
"Hicksville, OH",1,0.0,
"Highland Park, IL",1,0.0,
"Highland Park, TX",1,0.0,
"Highland, IL",1,0.0,90000.0
"Hightstown, NJ",1,0.0,
"Highwood, IL",1,0.0,
"Hildebran, NC",1,0.0,
"Hilliard, FL",1,0.0,28080.0
"Hillsboro, WI",1,0.0,
"Hillsborough, NC",1,0.0,
"Hillsborough, NJ",1,0.0,
"Hillside, IL",1,0.0,
"Hilo, HI",1,0.0,
"Hilton, NY",1,0.0,54080.0
"Hinds County, MS",1,0.0,
"Hinsdale, IL",1,0.0,
"Hire, IL",1,0.0,69000.0
"Hixson, TN",1,0.0,28080.0
"Hockessin, DE",1,0.0,
"Holden, ME",1,0.0,
"Holdenville, OK",1,0.0,
"Holdrege, NE",1,0.0,
"Holmes Beach, FL",1,0.0,
"Holstein, IA",1,0.0,
"Holton, KS",1,0.0,
"Home Park, OH",1,0.0,
"Homedale, ID",1,0.0,
"Homer Glen, IL",1,0.0,
"Homer, MI",1,0.0,
"Homestead, PA",1,0.0,
"Homewood, IL",1,0.0,37440.0
"Hondo, TX",1,0.0,
Honduras,1,0.0,
"Honesdale, PA",1,0.0,
"Honolulu, Hawaii, United States",1,0.0,
"Hood River, OR",1,0.0,
"Hooksett, NH",1,0.0,
"Hoopeston, IL",1,0.0,
"Hope Mills, NC",1,0.0,
"Hopland, CA",1,0.0,55120.0
"Howell, MI",1,0.0,
"Huber Heights, OH",1,0.0,
"Hudson County, NJ",1,0.0,
"Hudson Waterfront, NJ",1,0.0,104000.0
"Hudson, MA",1,0.0,
"Hudson, NY",1,0.0,
"Hudsonville, MI",1,0.0,
"Hugo, MN",1,0.0,63000.0
"Hummelstown, PA",1,0.0,
"Huntingdon Valley, PA",1,0.0,
"Huntington Station, NY",1,0.0,
"Huntsville, AR",1,0.0,
"Hurlburt Field, FL",1,0.0,
"Illinois City, IL",1,0.0,
"Immokalee, FL",1,0.0,
"Independence, KY",1,0.0,57200.0
"Indian Head, MD",1,0.0,
"Indian Springs, NV",1,0.0,
"Indian Trail, NC",1,0.0,
"Ingleside, TX",1,0.0,
"Inwood, NY",1,0.0,83000.0
"Iowa Falls, IA",1,0.0,
"Irmo, SC",1,0.0,
"Ironwood, MI",1,0.0,90000.0
"Isanti, MN",1,0.0,
"Islamorada, FL",1,0.0,
"Islip, NY",1,0.0,
"Iva, SC",1,0.0,59900.0
"Jackson County, MO",1,0.0,
"Jackson Township, OH",1,0.0,
"Jackson, MO",1,0.0,
"Jackson, NJ",1,0.0,
"Jackson, SC",1,0.0,
"Jacksonville, AL",1,0.0,
"Jacksonville, GA",1,0.0,
"Jal, NM",1,0.0,
"Jamestown, NM",1,0.0,35932.0
"Jamestown, TN",1,0.0,
"Jamison, PA",1,0.0,46800.0
"Jarratt, VA",1,0.0,119600.0
"Jasper, IN",1,0.0,
"Jasper, TN",1,0.0,52000.0
"Jean, NV",1,0.0,63440.0
"Jeannette, PA",1,0.0,
"Jefferson County, IL",1,0.0,80000.0
"Jefferson, WI",1,0.0,140400.0
"Jeffersontown, KY",1,0.0,90000.0
"Jeffersonville, OH",1,0.0,34736.0
"Jenkins, PA",1,0.0,
"Jensen Beach, FL",1,0.0,
"Jersey, GA",1,0.0,
"Jessup, PA",1,0.0,
"Jesup, GA",1,0.0,
"Johns Island, SC",1,0.0,82500.0
Johnson City-Kingsport-Bristol Area,1,0.0,75000.0
"Johnstown, NY",1,0.0,62500.0
"Jonesboro, GA",1,0.0,
"Jonestown, PA",1,0.0,
"Jonesville, MI",1,0.0,
"Junction City, KS",1,0.0,80000.0
"Justin, TX",1,0.0,
"Kahului, HI",1,0.0,
"Kailua, HI",1,0.0,
"Kaneohe Base, HI",1,0.0,
"Kansas City metropolitan area, KS",1,0.0,
"Kansas City, Missouri, United States",1,0.0,
"Kaukauna, WI",1,0.0,42640.0
"Kaysville, UT",1,0.0,
"Kealakekua, HI",1,0.0,
"Kearny, NJ",1,0.0,
"Keizer, OR",1,0.0,
"Kekaha, HI",1,0.0,
"Kendall, FL",1,0.0,75000.0
"Kenedy, TX",1,0.0,
"Kennebec, SD",1,0.0,
"Kennebunk, ME",1,0.0,33046.0
"Kenner, LA",1,0.0,
"Kent, OH",1,0.0,
"Kenton, OH",1,0.0,
Kenya,1,0.0,
"Kermit, TX",1,0.0,
"Kern County, CA",1,0.0,50429.6
"Ketchum, ID",1,0.0,
"Kettle Falls, WA",1,0.0,
"Key West, FL",1,0.0,
"Kihei, HI",1,0.0,
Killeen-Temple Area,1,0.0,
"Kimballton, IA",1,0.0,
"Kinde, MI",1,0.0,
"King Center, CO",1,0.0,
"King William, VA",1,0.0,98000.0
"Kings Mountain, NC",1,0.0,72800.0
"Kings Park, NY",1,0.0,
"Kingsburg, CA",1,0.0,38480.0
"Kingsford, MI",1,0.0,39520.0
"Kingston, MA",1,0.0,
"Kingston, OK",1,0.0,50000.0
"Kingstowne, VA",1,0.0,
"Kinnelon, NJ",1,0.0,
"Kiowa, CO",1,0.0,
"Kirtland Air Force Base, NM",1,0.0,95000.0
"Knox, IN",1,0.0,
"Kula, HI",1,0.0,
"Kuna, ID",1,0.0,
"La Crosse, Wisconsin, United States",1,0.0,
"La Grange, IL",1,0.0,
"La Grange, KY",1,0.0,
"La Marque, TX",1,0.0,
"La Quinta, CA",1,0.0,57200.0
"LaGrange, GA",1,0.0,
"LaPlace, LA",1,0.0,
"Lacombe, LA",1,0.0,
"Lady Lake, FL",1,0.0,
"Lago Vista, TX",1,0.0,56160.0
"Lahaina, HI",1,0.0,
"Lake Buena Vista, FL",1,0.0,
"Lake County, IL",1,0.0,63440.0
"Lake Hiawatha, NJ",1,0.0,
"Lake St Louis, MO",1,0.0,
"Lake Villa, IL",1,0.0,
"Lake Wales, FL",1,0.0,
"Lake Worth, TX",1,0.0,
"Lakeside, MT",1,0.0,
"Lakeville, NY",1,0.0,70720.0
"Lakeway, TX",1,0.0,27040.0
"Lakewood, CA",1,0.0,122137.6
"Lakewood, NY",1,0.0,
"Lamar, CO",1,0.0,
"Lanai City, HI",1,0.0,
"Lancaster County, PA",1,0.0,
"Lancaster, CA",1,0.0,74240.0
"Lancaster, MA",1,0.0,65520.0
"Lancaster, NY",1,0.0,79000.0
"Lancaster, WI",1,0.0,36400.0
"Lane County, OR",1,0.0,150000.0
"Langley, SC",1,0.0,
"Lansing, IL",1,0.0,50000.0
"Lansing, NY",1,0.0,
"Las Vegas, Nevada, United States",1,0.0,42500.0
Latin America,1,0.0,
"Latrobe, PA",1,0.0,
"Laurel, MT",1,0.0,
"Laurens, SC",1,0.0,44720.0
"Lavonia, GA",1,0.0,
"Lawrence, NJ",1,0.0,83200.0
"Lawrenceburg, IN",1,0.0,
"Lawrenceburg, KY",1,0.0,
"Le Mars, IA",1,0.0,
"Leavenworth, KS",1,0.0,
"Leawood, KS",1,0.0,
"Lebanon, OH",1,0.0,
"Lebanon, OR",1,0.0,
"Lebec, CA",1,0.0,36816.0
"Ledgewood, NJ",1,0.0,34320.0
"Lee, MA",1,0.0,
"Leechburg, PA",1,0.0,
"Leeds, NY",1,0.0,
"Leesburg, GA",1,0.0,
"Leesburg, OH",1,0.0,63824.8
"Leetsdale, PA",1,0.0,
"Lehigh County, PA",1,0.0,75000.0
"Lenhartsville, PA",1,0.0,
"Lenox, IA",1,0.0,155000.0
"Leominster, MA",1,0.0,
"Levittown, PA",1,0.0,
"Lewis Center, OH",1,0.0,
"Lewisburg, WV",1,0.0,
"Lexington County, SC",1,0.0,
"Lexington, MO",1,0.0,
"Lexington, NE",1,0.0,
"Lexington, SC",1,0.0,55000.0
"Lexington, VA",1,0.0,57137.6
"Liberty Township, OH",1,0.0,
"Liberty, MO",1,0.0,
"Liberty, NC",1,0.0,
"Liberty, SC",1,0.0,
"Lihue, HI",1,0.0,39520.0
"Lincoln, IL",1,0.0,
"Lincoln, RI",1,0.0,134160.0
"Lindenhurst, NY",1,0.0,70000.0
"Lino Lakes, MN",1,0.0,109200.0
"Litchfield Park, AZ",1,0.0,
"Litchfield, IL",1,0.0,
"Lithonia, GA",1,0.0,
"Little Canada, MN",1,0.0,
"Little Falls, NJ",1,0.0,46800.0
"Little River, SC",1,0.0,
"Littleton, MA",1,0.0,
"Livingston, MT",1,0.0,
"Location, WV",1,0.0,
"Locust Grove, GA",1,0.0,
"London, England, United Kingdom",1,0.0,
"London, OH",1,0.0,
"Londonderry, NH",1,0.0,
"Long Beach, NY",1,0.0,
"Long Branch, NJ",1,0.0,
"Longboat Key, FL",1,0.0,
"Lonoke, AR",1,0.0,
"Loomis, CA",1,0.0,47840.0
"Los Altos, CA",1,0.0,
Louisville Metropolitan Area,1,0.0,237500.0
"Louisville, AL",1,0.0,
"Low Moor, IA",1,0.0,40404.0
"Lowell, MI",1,0.0,
"Loxahatchee Groves, FL",1,0.0,
"Loxley, AL",1,0.0,
"Lubbock County, TX",1,0.0,60000.0
Lubbock-Levelland Area,1,0.0,
"Ludington, MI",1,0.0,
"Ludlow, MA",1,0.0,
"Lufkin, TX",1,0.0,56160.0
"Lugoff, SC",1,0.0,
"Lumber Bridge, NC",1,0.0,
"Lumberton, TX",1,0.0,
"Lutherville, MD",1,0.0,
"Lynbrook, NY",1,0.0,124800.0
"Lyndhurst, VA",1,0.0,
"Lynnfield, MA",1,0.0,
"Lyon, MI",1,0.0,65520.0
"Lyons, NY",1,0.0,
"Machias, ME",1,0.0,
"Madill, OK",1,0.0,
"Madison, GA",1,0.0,60000.0
"Madison, IN",1,0.0,
"Madison, NY",1,0.0,77000.0
"Madisonville, KY",1,0.0,
"Madisonville, TN",1,0.0,
"Magee, MS",1,0.0,
"Maggie Valley, NC",1,0.0,
"Magna, UT",1,0.0,
"Mahopac, NY",1,0.0,
"Malta, OH",1,0.0,
"Manahawkin, NJ",1,0.0,
"Manalapan, NJ",1,0.0,49500.0
"Manchester, CT",1,0.0,
"Manchester, IA",1,0.0,
"Manchester, MO",1,0.0,
"Manchester, NJ",1,0.0,
"Manchester, PA",1,0.0,
"Mandeville, LA",1,0.0,
"Manistee, MI",1,0.0,
"Manitou Springs, CO",1,0.0,
"Manlius, NY",1,0.0,
"Manor, TX",1,0.0,
"Mansfield Center, CT",1,0.0,
"Manteca, CA",1,0.0,
"Maple Heights, OH",1,0.0,
"Maple Shade, NJ",1,0.0,95000.0
"Mapleton, IL",1,0.0,
"Maplewood, MN",1,0.0,30160.0
"Marengo, IL",1,0.0,
"Margate, FL",1,0.0,88062.0
"Maricopa County, AZ",1,0.0,
"Marietta, SC",1,0.0,
"Marina, CA",1,0.0,69784.0
"Marion County, FL",1,0.0,
"Marion, IA",1,0.0,
"Marion, OH",1,0.0,
"Marksville, LA",1,0.0,
"Marlboro, MA",1,0.0,
"Marlboro, NJ",1,0.0,87500.0
"Marlin, TX",1,0.0,
"Marlow Heights, MD",1,0.0,
"Marshall, TX",1,0.0,
"Marshalltown, IA",1,0.0,
"Marsing, ID",1,0.0,45760.0
"Martin, TN",1,0.0,21320.0
"Mascoutah, IL",1,0.0,
"Mason, MI",1,0.0,
"Massapequa, NY",1,0.0,
"Matteson, IL",1,0.0,
"Matthews, NC",1,0.0,
"Mauldin, SC",1,0.0,70000.0
"Mayfield, OH",1,0.0,
"Mayport, Florida, United States",1,0.0,
"Maysville, KY",1,0.0,
"Mayville, WI",1,0.0,
"McAlester, OK",1,0.0,
"McCamey, TX",1,0.0,93329.6
"McChord Air Force Base, WA",1,0.0,
"McComb, MS",1,0.0,
"McConnellsburg, PA",1,0.0,
"McCook, IL",1,0.0,
"McCook, NE",1,0.0,83200.0
"McFarland, WI",1,0.0,
"McKees Rocks, PA",1,0.0,
"McKeesport, PA",1,0.0,
"Meadville, PA",1,0.0,
"Mechanicville, NY",1,0.0,
"Mecklenburg County, NC",1,0.0,91000.0
"Medford, NY",1,0.0,102000.0
Medford-Grants Pass Area,1,0.0,
"Medical Lake, WA",1,0.0,
"Mehoopany, PA",1,0.0,
"Melissa, TX",1,0.0,
"Melrose, MA",1,0.0,
"Memphis metropolitan area, MS",1,0.0,70000.0
"Mendocino, CA",1,0.0,74550.0
"Mequon, WI",1,0.0,
"Mer Rouge, LA",1,0.0,
"Mercedes, TX",1,0.0,
"Merrill, WI",1,0.0,
"Merrillville, IN",1,0.0,
"Merrimack County, NH",1,0.0,161200.0
"Mertzon, TX",1,0.0,
"Mesa County, CO",1,0.0,
"Mesquite, Texas, United States",1,0.0,102500.0
"Methuen, MA",1,0.0,
"Metuchen, NJ",1,0.0,52000.0
"Mexico, NY",1,0.0,97902.5
"Miami Gardens, FL",1,0.0,44720.0
"Middle Valley Estates, TN",1,0.0,
"Middle, NJ",1,0.0,
"Middleburg Heights, OH",1,0.0,
"Middlesex, NJ",1,0.0,33280.0
"Middleton, ID",1,0.0,
"Middletown, NY",1,0.0,
Midland-Odessa Area,1,0.0,
"Midtown, Louisiana, United States",1,0.0,36587.2
"Midvale, UT",1,0.0,39520.0
"Milan, NM",1,0.0,
"Milano, TX",1,0.0,
"Milbank, SD",1,0.0,45250.4
"Milford, CT",1,0.0,
"Milford, MI",1,0.0,
"Milford, NH",1,0.0,
"Mililani Town, HI",1,0.0,
"Mill Creek, WA",1,0.0,
"Millburn, NJ",1,0.0,
"Milledgeville, GA",1,0.0,
"Miller City, OH",1,0.0,89377.6
"Millersburg, PA",1,0.0,
"Millington, TN",1,0.0,
"Millsboro, PA",1,0.0,
"Millwood, WA",1,0.0,
"Milton, GA",1,0.0,
"Milwaukee County, WI",1,0.0,82500.0
"Mission, KS",1,0.0,
"Mississippi State, MS",1,0.0,
"Missouri City, TX",1,0.0,
"Mitchell, SD",1,0.0,
"Moab, UT",1,0.0,
"Moenave, AZ",1,0.0,
"Mogadore, OH",1,0.0,68224.0
"Mojave, CA",1,0.0,
"Moncks Corner, SC",1,0.0,
"Monee, IL",1,0.0,
"Monmouth Junction, NJ",1,0.0,
"Monroe, CT",1,0.0,
"Monroe, GA",1,0.0,
"Monroe, NJ",1,0.0,
"Monroe, VA",1,0.0,
"Monroe, WA",1,0.0,62400.0
"Montevideo, MN",1,0.0,
"Montgomery County, MD",1,0.0,
"Montgomery County, PA",1,0.0,
"Montgomery County, TX",1,0.0,
"Montgomery Village, MD",1,0.0,
"Montgomery, NY",1,0.0,36920.0
"Montgomery, OH",1,0.0,
"Montgomeryville, PA",1,0.0,49500.0
"Monticello, GA",1,0.0,80000.0
"Monticello, MS",1,0.0,
"Montoursville, PA",1,0.0,101000.0
"Montpelier, MS",1,0.0,74880.0
"Montreal, QC",1,0.0,130.0
"Montverde, FL",1,0.0,47500.0
"Moore, SC",1,0.0,36150.0
"Morgan, UT",1,0.0,
"Morganton, NC",1,0.0,
"Morton, IL",1,0.0,
"Mosinee, WI",1,0.0,42640.0
"Moultrie, GA",1,0.0,
"Mount Airy, MD",1,0.0,
"Mount Airy, NC",1,0.0,
"Mount Arlington, NJ",1,0.0,
"Mount Clemens, MI",1,0.0,
"Mount Holly, NJ",1,0.0,
"Mount Hope, OH",1,0.0,
"Mount Pleasant, IA",1,0.0,
"Mount Pleasant, MI",1,0.0,
"Mount Pleasant, TN",1,0.0,108550.0
"Mount Pleasant, WI",1,0.0,
"Mount Royal, NJ",1,0.0,
"Mount Shasta, CA",1,0.0,
"Mount Vernon, NY",1,0.0,
"Mountain Brook, AL",1,0.0,
"Mountain Home, AR",1,0.0,
"Mountain Home, ID",1,0.0,
"Mountain Home, TX",1,0.0,200000.0
"Mountain Pass, CA",1,0.0,
"Mt. Joy, PA",1,0.0,
"Munhall, PA",1,0.0,
"Murphysboro, IL",1,0.0,
"Murray, KY",1,0.0,
"Murrells Inlet, SC",1,0.0,57200.0
"Muscle Shoals, AL",1,0.0,
"Mustang, OK",1,0.0,
"Mystic, CT",1,0.0,70000.0
"Nacogdoches, TX",1,0.0,
"Narberth, PA",1,0.0,44720.0
"Nassau County, NY",1,0.0,48000.0
"Natchez, MS",1,0.0,
"National, MD",1,0.0,
"Nebraska City, NE",1,0.0,
"Nebraska, IA",1,0.0,
"Needham Heights, MA",1,0.0,
"Nellis AFB, NV",1,0.0,
"Nesquehoning, PA",1,0.0,
"New Albany, IN",1,0.0,
"New Baltimore, MI",1,0.0,57200.0
"New Berlin, NY",1,0.0,63180.0
"New Bern, NC",1,0.0,
"New Bremen, OH",1,0.0,
"New Brighton, MN",1,0.0,
"New Century, KS",1,0.0,38480.0
"New City, NY",1,0.0,36000.0
"New Cumberland, PA",1,0.0,
"New Fairfield, CT",1,0.0,
"New Freedom, PA",1,0.0,
"New Holstein, WI",1,0.0,
"New Home, MO",1,0.0,
"New Kensington, PA",1,0.0,
"New Lebanon, OH",1,0.0,
"New London, WI",1,0.0,350000.0
"New Milford, CT",1,0.0,
"New Paltz, NY",1,0.0,
"New Providence, NJ",1,0.0,80000.0
"New Smyrna Beach, FL",1,0.0,
"New Tazewell, TN",1,0.0,
"Newark, OH",1,0.0,40500.0
"Newark, TX",1,0.0,
"Newington, NH",1,0.0,
"Newport News City County, VA",1,0.0,
"Newport, IL",1,0.0,
"Newport, KY",1,0.0,
"Newport, MI",1,0.0,145000.0
"Newport, VT",1,0.0,
"Newton Centre, MA",1,0.0,
"Newton, MS",1,0.0,
"Newton, NJ",1,0.0,
"Newtown, CT",1,0.0,
"Nicholls, GA",1,0.0,54500.0
"Niskayuna, NY",1,0.0,62650.0
"Nolanville, TX",1,0.0,
"Norco, LA",1,0.0,
"Norfolk County, MA",1,0.0,150000.0
"North Adams, MA",1,0.0,57500.0
"North Bergen, NJ",1,0.0,
"North Bronx, NY",1,0.0,
"North Conway, NH",1,0.0,
"North Falmouth, MA",1,0.0,
"North Grafton, MA",1,0.0,
"North Hatfield, MA",1,0.0,
"North Logan, UT",1,0.0,
"North Manchester, IN",1,0.0,
"North Naples, FL",1,0.0,
"North Pole, AK",1,0.0,
"North Port, FL",1,0.0,
"North Richland Hills, TX",1,0.0,
"North Salem, NY",1,0.0,77500.0
"North Smithfield, RI",1,0.0,
"Northfield Center, OH",1,0.0,40560.0
"Northford, CT",1,0.0,89200.0
"Northlake, TX",1,0.0,
"Northvale, NJ",1,0.0,
"Norwich, NY",1,0.0,
"Nottingham, MD",1,0.0,
"Nyack, NY",1,0.0,45000.0
"Oak Creek, WI",1,0.0,
"Oak Grove, KY",1,0.0,
"Oak Hall, VA",1,0.0,
"Oak Park Heights, MN",1,0.0,
"Oak Park, MI",1,0.0,
"Oakdale, CA",1,0.0,58500.0
"Oakfield, ME",1,0.0,
"Oakland, NJ",1,0.0,115000.0
"Oakland, SC",1,0.0,
"Oakwood Village, OH",1,0.0,
"Occoquan, VA",1,0.0,
"Ocean Township, NJ",1,0.0,36400.0
"Ocean View, DE",1,0.0,
"Ocean, NJ",1,0.0,
"Oconomowoc, WI",1,0.0,
"Ohio, NY",1,0.0,70000.0
"Okatie, SC",1,0.0,
"Oklahoma County, OK",1,0.0,
"Okmulgee, OK",1,0.0,
"Old Chatham, NY",1,0.0,
"Old Greenwich, CT",1,0.0,85000.0
"Olean, NY",1,0.0,
"Oliver, PA",1,0.0,175000.0
"Omak, WA",1,0.0,
"Onalaska, WI",1,0.0,
"Oneonta, AL",1,0.0,
"Onondaga County, NY",1,0.0,
"Orange City Hills, FL",1,0.0,
"Orange City, IA",1,0.0,69875.0
"Orange County, NY",1,0.0,44799.0
"Orange Park, FL",1,0.0,
"Orange, CT",1,0.0,134125.0
"Orem, UT",1,0.0,46727.2
"Oriskany, NY",1,0.0,
"Orleans, IN",1,0.0,
"Oro Valley, AZ",1,0.0,
"Orofino, ID",1,0.0,
"Osage Beach, MO",1,0.0,51777.5
"Osawatomie, KS",1,0.0,
"Ossineke, MI",1,0.0,
"Ossining, NY",1,0.0,71760.0
"Oswego, NY",1,0.0,97902.5
"Ottawa, OH",1,0.0,
"Overland, MO",1,0.0,
"Ovid, NY",1,0.0,
"Oviedo, FL",1,0.0,
"Owensboro, KY",1,0.0,
"Owings, MD",1,0.0,
"Owosso, MI",1,0.0,60000.0
"Oxford, MI",1,0.0,
"Oxford, NC",1,0.0,
"Ozark, MO",1,0.0,
"Pace, FL",1,0.0,
"Pacific, WA",1,0.0,
"Paducah, KY",1,0.0,44990.4
"Pageland, SC",1,0.0,
"Pagosa Springs, CO",1,0.0,140000.0
"Pahrump, NV",1,0.0,
"Painesville, OH",1,0.0,
"Palatka, FL",1,0.0,44000.0
"Palestine, TX",1,0.0,
"Palisades Park, NJ",1,0.0,
"Palmetto, GA",1,0.0,
"Palmyra, MO",1,0.0,
"Pampa, TX",1,0.0,
"Panama City Beach, FL",1,0.0,
"Park City, KS",1,0.0,
"Park Forest, IL",1,0.0,
"Park, TX",1,0.0,
"Parker, AZ",1,0.0,
"Parker, CO",1,0.0,68000.0
"Parkesburg, PA",1,0.0,
"Paso Robles, CA",1,0.0,
"Passaic County, NJ",1,0.0,
"Pataskala, OH",1,0.0,
"Paton, IA",1,0.0,72800.0
"Pavilion, MI",1,0.0,
"Pawtucket, RI",1,0.0,
"Peachtree Corners, GA",1,0.0,100650.0
"Peapack - Gladstone, NJ",1,0.0,70000.0
"Pembroke, KY",1,0.0,
"Pendergrass, GA",1,0.0,
"Pendleton, OR",1,0.0,
"Pendleton, SC",1,0.0,
"Penn Hills, PA",1,0.0,
"Pennington, AL",1,0.0,
"Penns Grove, NJ",1,0.0,
"Pennsville, NJ",1,0.0,58000.0
Peoria Metropolitan Area,1,0.0,
"Perham, MN",1,0.0,
"Perryton, TX",1,0.0,
"Perryville, MO",1,0.0,62400.0
"Peru, IN",1,0.0,
"Petersburg, WV",1,0.0,
"Petoskey, MI",1,0.0,
"Pflugerville, TX",1,0.0,
"Pharr, TX",1,0.0,52000.0
"Philadelphia, MS",1,0.0,
"Philomath, OR",1,0.0,52000.0
"Phoenix metropolitan area, AZ",1,0.0,30000.0
"Phoenix, MD",1,0.0,48000.0
"Phoenix, OR",1,0.0,30000.0
"Picayune, MS",1,0.0,48000.0
"Pickens, SC",1,0.0,
"Pickwick Dam, TN",1,0.0,
"Pilgrim, KY",1,0.0,
"Pine Brook, NJ",1,0.0,
"Pine Hall, NC",1,0.0,
"Pine, CO",1,0.0,
"Pinehurst, NC",1,0.0,
"Pinson, TN",1,0.0,50000.0
"Pittsburg, CA",1,0.0,102500.0
"Pittsburgh, Pennsylvania, United States",1,0.0,
"Pittsylvania County, VA",1,0.0,
"Pixley, CA",1,0.0,
"Placerville, CA",1,0.0,
"Plainfield, IL",1,0.0,
"Plainfield, NJ",1,0.0,
"Plainview, NY",1,0.0,
"Plainville, CT",1,0.0,
"Plant City, FL",1,0.0,
"Plaquemines Parish County, LA",1,0.0,
"Pleasantville, NJ",1,0.0,
"Pleasantville, NY",1,0.0,
"Plymouth Meeting, PA",1,0.0,
"Plymouth, NH",1,0.0,
"Plymouth, PA",1,0.0,88400.0
"Pocasset, MA",1,0.0,
"Pocomoke City, MD",1,0.0,
"Poland, ME",1,0.0,
"Pompton Lakes, NJ",1,0.0,
"Ponchatoula, LA",1,0.0,90000.0
"Ponte Vedra Beach, FL",1,0.0,
"Ponte Vedra, FL",1,0.0,
"Poplar Bluff, MO",1,0.0,
"Port Allen, LA",1,0.0,
"Port Austin, MI",1,0.0,
"Port Chester, NY",1,0.0,39416.0
"Port Hope, MI",1,0.0,
"Port Washington, WI",1,0.0,
"Portage, IN",1,0.0,
"Portage, WI",1,0.0,
"Portland, TX",1,0.0,58000.0
"Post Falls, ID",1,0.0,
"Potomac Mills, VA",1,0.0,
"Pottsboro, TX",1,0.0,
"Powell, TN",1,0.0,
"Prairie Village, KS",1,0.0,
"Prairie du Chien, WI",1,0.0,
"Prairieville, LA",1,0.0,
"Pratt, KS",1,0.0,
"Prattville, AL",1,0.0,
"Prentiss, MS",1,0.0,
"Preston, CT",1,0.0,
"Price, UT",1,0.0,
"Princeton, IN",1,0.0,
"Princeton, WV",1,0.0,22880.0
"Prineville, OR",1,0.0,
"Prospect, KY",1,0.0,
"Prosper, TX",1,0.0,
"Providence County, RI",1,0.0,49920.0
"Pullman, WA",1,0.0,101500.0
"Purcell, OK",1,0.0,
"Purcellville, VA",1,0.0,
"Put-in-Bay Township, OH",1,0.0,150000.0
"Queens County, NY",1,0.0,152500.0
"Queens, New York, United States",1,0.0,
"Rainbow City, AL",1,0.0,
"Ramsey, MN",1,0.0,
"Randleman, NC",1,0.0,
"Randolph, MA",1,0.0,90000.0
"Raton, NM",1,0.0,
"Ravenswood, WV",1,0.0,
"Raytown, MO",1,0.0,
"Reading, MA",1,0.0,83645.0
"Red Bluff, CA",1,0.0,
"Red Oak, TX",1,0.0,93500.0
"Red Wing, MN",1,0.0,
"Redwood City, California, United States",1,0.0,257500.0
"Redwood Valley, CA",1,0.0,176800.0
"Reedley, CA",1,0.0,
"Rehoboth Beach, DE",1,0.0,
"Reynolds, GA",1,0.0,
"Rhinelander, WI",1,0.0,
"Rice Lake, WI",1,0.0,
"Riceville, IA",1,0.0,
"Richfield, UT",1,0.0,
"Richland Center, WI",1,0.0,
"Richland County, SC",1,0.0,
"Richland, NY",1,0.0,30368.0
"Richland, SC",1,0.0,
"Richmond Heights, MO",1,0.0,
"Richmond, KY",1,0.0,33280.0
"Richmond, TX",1,0.0,
"Ridgecrest, CA",1,0.0,
"Ridgeway, MO",1,0.0,
"Ridgeway, SC",1,0.0,
"Rifle, CO",1,0.0,135000.0
"Rigby, ID",1,0.0,49199.5
"Riley, MI",1,0.0,
"Ripon, WI",1,0.0,81997.5
"River Falls, WI",1,0.0,53040.0
"River Grove, IL",1,0.0,118000.0
"Riverdale Park, MD",1,0.0,
"Riverdale, MD",1,0.0,
"Riverdale, UT",1,0.0,
"Riverside County, CA",1,0.0,89688.76
"Riverside, MO",1,0.0,
"Riverside, NJ",1,0.0,
"Riverwoods, IL",1,0.0,99400.0
"Robbinsdale, MN",1,0.0,41600.0
"Robbinsville, NJ",1,0.0,
"Rochester-Austin, Minnesota Area",1,0.0,
"Rock Island, IL",1,0.0,
"Rockford, MI",1,0.0,65000.0
"Rockland County, NY",1,0.0,
"Rockledge, FL",1,0.0,
"Rocklin, CA",1,0.0,47840.0
"Rockville, CT",1,0.0,
"Rocky Mount, VA",1,0.0,
Rocky Mount-Wilson Area,1,0.0,
"Rocky River, OH",1,0.0,
"Rohnert Park, CA",1,0.0,
"Rolling Prairie, IN",1,0.0,
"Rome, GA",1,0.0,
"Romeo, MI",1,0.0,41600.0
"Roosevelt, UT",1,0.0,
"Roscoe, TX",1,0.0,
"Rose Hill, NC",1,0.0,
"Roseau, MN",1,0.0,
"Roseburg, OR",1,0.0,50377.6
"Rosedale, MD",1,0.0,66560.0
"Rosharon, TX",1,0.0,
"Roslyn, NY",1,0.0,66500.0
"Rothbury, MI",1,0.0,72500.0
"Rothschild, WI",1,0.0,
"Round Hill, VA",1,0.0,79578.0
"Roxbury, ME",1,0.0,
"Roy, UT",1,0.0,192900.0
"Ruckersville, VA",1,0.0,
"Rural Hall, NC",1,0.0,
"Russells Point, OH",1,0.0,
"Russellville, AR",1,0.0,
"Rye, NY",1,0.0,107250.0
"Sabina, OH",1,0.0,
"Sachse, TX",1,0.0,
"Saddle River, NJ",1,0.0,
"Safford, AZ",1,0.0,
"Saint Croix, ND",1,0.0,24960.0
"Saint Inigoes, MD",1,0.0,95650.0
"Salamanca, NY",1,0.0,
"Salem, NC",1,0.0,
"Salem, OH",1,0.0,
"Salmon Creek, WA",1,0.0,
San Angelo Area,1,0.0,
"San Angelo, TX",1,0.0,
"San Anselmo, CA",1,0.0,76960.0
"San Luis, AZ",1,0.0,
"San Pablo, CA",1,0.0,40820.0
"San Quentin, CA",1,0.0,
"Sanborn, NY",1,0.0,
"Sandpoint, ID",1,0.0,
"Sandusky, MI",1,0.0,
"Sandy Springs, GA",1,0.0,
"Sandy, OR",1,0.0,
"Sanford, ME",1,0.0,35360.0
Santa Barbara-Santa Maria Area,1,0.0,
"Santa Cruz County, CA",1,0.0,79116.0
"Santa Teresa, NM",1,0.0,
"Santee, CA",1,0.0,
"Sarasota County, FL",1,0.0,
"Sartell, MN",1,0.0,
"Satellite Beach, FL",1,0.0,
"Sayreville, NJ",1,0.0,
"Scarsdale, NY",1,0.0,
"Schertz, TX",1,0.0,
"Schofield, WI",1,0.0,
"Scott AFB, IL",1,0.0,
"Scotts Valley, CA",1,0.0,36400.0
"Screven, GA",1,0.0,
"Seabrook, TX",1,0.0,
"Searcy, AR",1,0.0,109200.0
"Seaside, OR",1,0.0,
"Sedona, AZ",1,0.0,
"Seeley Lake, MT",1,0.0,60767.2
"Selah, WA",1,0.0,77500.0
"Selma, TX",1,0.0,
"Seminole, FL",1,0.0,125000.0
"Seminole, TX",1,0.0,
"Semmes, AL",1,0.0,
"Severn, MD",1,0.0,130000.0
"Sewaren, NJ",1,0.0,
"Sewell, NJ",1,0.0,
"Shafter, CA",1,0.0,
"Shallotte, NC",1,0.0,
"Sharon, KS",1,0.0,
"Shawano, WI",1,0.0,60788.0
"Shawnee County, KS",1,0.0,53414.4
"Sheffield, MA",1,0.0,
"Shelby, OH",1,0.0,
"Shelbyville, IN",1,0.0,
"Shelbyville, KY",1,0.0,
"Sheldon, IA",1,0.0,
"Shenandoah, TX",1,0.0,
"Sheridan, WY",1,0.0,
"Sherwood, OR",1,0.0,65000.0
"Shiloh, IL",1,0.0,92500.0
"Shingle Springs, CA",1,0.0,42868.8
"Shiremanstown, PA",1,0.0,
"Shoemakersville, PA",1,0.0,
"Shoreview, MN",1,0.0,
"Short Pump, VA",1,0.0,
"Shrewsbury, MA",1,0.0,155000.0
"Sidney, MT",1,0.0,
"Sierra Vista, AZ",1,0.0,237500.0
"Signal Hill, CA",1,0.0,72500.0
"Siler City, NC",1,0.0,75420.8
"Siloam Springs, AR",1,0.0,
"Silver Star, MT",1,0.0,
"Silverthorne, CO",1,0.0,33280.0
"Sitka, AK",1,0.0,99091.2
"Sleepy Hollow, NY",1,0.0,
"Smackover, AR",1,0.0,
"Smith County, TX",1,0.0,
"Smithville, TN",1,0.0,
"Snow Hill, NC",1,0.0,
"Social Circle, GA",1,0.0,
"Solana Beach, CA",1,0.0,
"Somerset County, NJ",1,0.0,
"Somerset, PA",1,0.0,
"Somerset, TX",1,0.0,
"Somersworth, NH",1,0.0,97500.0
"Sonoma, CA",1,0.0,106139.5
"Sonora, CA",1,0.0,37752.0
"South Attleboro, MA",1,0.0,
"South Beloit, IL",1,0.0,
South Bend-Mishawaka Region,1,0.0,
"South Boston, VA",1,0.0,
"South Easton, MA",1,0.0,80.0
"South El Monte, CA",1,0.0,
"South Fulton, GA",1,0.0,
"South Haven, MI",1,0.0,45760.0
"South Hill, VA",1,0.0,100000.0
"South Holland, IL",1,0.0,
"South Lake Tahoe, CA",1,0.0,
"South Lyon, MI",1,0.0,35360.0
"South Milwaukee, WI",1,0.0,
"South Plainfield, NJ",1,0.0,
"South Salem, NY",1,0.0,
"South San Gabriel, CA",1,0.0,37440.0
"South Sheffield, AL",1,0.0,
"South St Paul, MN",1,0.0,
"South Windsor, CT",1,0.0,
"Southampton, NY",1,0.0,
"Southborough, MA",1,0.0,
"Southbury, CT",1,0.0,97500.0
"Southern Pines, NC",1,0.0,
"Spanish Fork, UT",1,0.0,
"Spanish Fort, AL",1,0.0,
"Sparkill, NY",1,0.0,
"Sparks Glencoe, MD",1,0.0,
"Sparrows Point, MD",1,0.0,
"Spartanburg County, SC",1,0.0,84250.0
"Speedway, IN",1,0.0,
"Spirit Lake, IA",1,0.0,
"Spring Hill, FL",1,0.0,64000.0
"Spring Park, MN",1,0.0,
"Springfield, NE",1,0.0,
"Springfield, VT",1,0.0,
"Springfield-Branson, Missouri Area",1,0.0,
"Springville, AL",1,0.0,
"St Ann, MO",1,0.0,
"St Clair Shores, Michigan, United States",1,0.0,
"St Cloud, FL",1,0.0,
"St Georges, DE",1,0.0,
"St James, LA",1,0.0,
"St Johnsbury, VT",1,0.0,
"St Matthews, SC",1,0.0,
"Stafford, VA",1,0.0,
"Stanford, KY",1,0.0,
"Star Lake, NY",1,0.0,30368.0
State College-DuBois Area,1,0.0,
"Stateline, NV",1,0.0,
"Stephenville, TX",1,0.0,
"Sterling City, TX",1,0.0,
"Sterling, CO",1,0.0,
"Sterling, IL",1,0.0,
"Stilwell, OK",1,0.0,
"Stockton, IL",1,0.0,
"Stone Mountain, GA",1,0.0,
"Stonington, CT",1,0.0,
"Stony Brook, NY",1,0.0,
"Stony Point, NC",1,0.0,
"Stoutland, MO",1,0.0,65520.0
"Stovall, NC",1,0.0,
"Stow, OH",1,0.0,
"Stowe, VT",1,0.0,
"Strafford County, NH",1,0.0,
"Strafford, MO",1,0.0,
"Strasburg, VA",1,0.0,
"Stratford, CA",1,0.0,
"Stratham, NH",1,0.0,107500.0
"Streetsboro, OH",1,0.0,
"Strongsville, OH",1,0.0,
"Stuart, VA",1,0.0,90000.0
"Stuarts Draft, VA",1,0.0,
"Sturgis, MI",1,0.0,41600.0
"Suamico, WI",1,0.0,
"Suffern, NY",1,0.0,
"Sugar Hill, GA",1,0.0,
"Suitland, MD",1,0.0,
"Sullivan, IN",1,0.0,
"Sullivans Island, SC",1,0.0,
"Sulphur, LA",1,0.0,
"Sulphur, OK",1,0.0,27560.0
"Summerfield, FL",1,0.0,
"Summersville, WV",1,0.0,22880.0
"Summit County, OH",1,0.0,
"Sun City Center, FL",1,0.0,
"Sun City West, AZ",1,0.0,
"Sunfish Lake, MN",1,0.0,
"Sunland Park, NM",1,0.0,
"Sunrise Beach, MO",1,0.0,
"Superior, AZ",1,0.0,
"Superior, CO",1,0.0,44720.0
"Superior, WI",1,0.0,65520.0
"Supply, NC",1,0.0,
"Surry, ME",1,0.0,
"Surry, VA",1,0.0,
"Sussex, NJ",1,0.0,
"Sussex, WI",1,0.0,
"Swansboro, NC",1,0.0,
"Swarthmore, PA",1,0.0,468000.0
"Sweeny, TX",1,0.0,
"Sycamore, IL",1,0.0,
"Tahoe City, CA",1,0.0,59280.0
"Takoma Park, MD",1,0.0,
"Talala, OK",1,0.0,
"Talladega, AL",1,0.0,61324.5
"Tamaqua, PA",1,0.0,49199.5
"Taneytown, MD",1,0.0,
"Tangent, OR",1,0.0,80080.0
"Tanner, AL",1,0.0,
"Tannersville, PA",1,0.0,
"Tar Heel, NC",1,0.0,
"Tarboro, NC",1,0.0,
"Tavares, FL",1,0.0,67500.0
"Taylorsville, UT",1,0.0,
"Taylorville, IL",1,0.0,
"Tecumseh, NE",1,0.0,
"Telluride, CO",1,0.0,
"Temple City, CA",1,0.0,34486.4
"Temple Hills, MD",1,0.0,
"Temple, GA",1,0.0,
"Terra Bella, CA",1,0.0,
"Terrell, TX",1,0.0,
"The Villages, FL",1,0.0,237500.0
"Theodore, AL",1,0.0,
"Thibodaux, LA",1,0.0,
"Thiells, NY",1,0.0,81642.0
"Thomaston, GA",1,0.0,
"Thomasville, GA",1,0.0,105000.0
"Thomasville, NC",1,0.0,
"Thompson, CT",1,0.0,
"Thomson, GA",1,0.0,43500.0
"Thornville, OH",1,0.0,
"Thousand Oaks, California, United States",1,0.0,53040.0
"Three Bridges, NJ",1,0.0,
"Tillamook, OR",1,0.0,
"Tipp City, OH",1,0.0,114400.0
"Tipton, IN",1,0.0,110000.0
"Tok, AK",1,0.0,122500.0
"Tonawanda, NY",1,0.0,46207.2
"Tonganoxie, KS",1,0.0,
"Tooele, UT",1,0.0,
"Toppenish, WA",1,0.0,
"Topsham, ME",1,0.0,115500.0
"Toronto, OH",1,0.0,30000.0
"Torrington, WY",1,0.0,48880.0
"Townshend, VT",1,0.0,
"Township of Cherry Hill, NJ",1,0.0,
"Trafford, AL",1,0.0,
"Travelers Rest, SC",1,0.0,72800.0
"Travis Field, CA",1,0.0,133900.0
"Tremont, PA",1,0.0,
"Trenton, GA",1,0.0,
"Trenton, SC",1,0.0,106500.0
"Troutdale, OR",1,0.0,
"Troy, OH",1,0.0,
"Trumbull, CT",1,0.0,130000.0
"Tulalip, WA",1,0.0,51386.4
"Tulare County, CA",1,0.0,125000.0
"Tupelo, MS",1,0.0,68520.0
"Tupper Lake, NY",1,0.0,
"Turners Falls, MA",1,0.0,37440.0
"Turnersville, NJ",1,0.0,35464.0
Twin Falls Area,1,0.0,
"Tylertown, MS",1,0.0,
"Tyrone, GA",1,0.0,
"Union City, GA",1,0.0,
"Union City, NJ",1,0.0,
"Union City, TN",1,0.0,
"Union County, NJ",1,0.0,
"Union Gap, WA",1,0.0,
"Union, KY",1,0.0,
"Union, MO",1,0.0,
"University Park, IL",1,0.0,
"University Park, PA",1,0.0,
"University, FL",1,0.0,
"Upper Darby, PA",1,0.0,80000.0
"Upper St Clair, PA",1,0.0,
"Utica, MI",1,0.0,
Utica-Rome Area,1,0.0,
"Uxbridge, MA",1,0.0,
"Vail, CO",1,0.0,
"Valley City, ND",1,0.0,
"Valley City, OH",1,0.0,
"Valley Cottage, NY",1,0.0,
"Valley View, OH",1,0.0,
"Valparaiso, IN",1,0.0,
"Van Alstyne, TX",1,0.0,
"Van Buren, AR",1,0.0,
"Vashon, WA",1,0.0,117500.0
"Venice, FL",1,0.0,
"Vergennes, VT",1,0.0,
"Vermillion, SD",1,0.0,
"Vernon, CA",1,0.0,102500.0
"Vernon, IL",1,0.0,
"Vernon, VT",1,0.0,
"Vernon, WI",1,0.0,
"Vero Beach, FL",1,0.0,
"Verona, PA",1,0.0,
"Versailles, KY",1,0.0,
"Vestal, NY",1,0.0,
"Vidalia, GA",1,0.0,
"Villa Park, IL",1,0.0,
"Vinings, GA",1,0.0,
"Virginia Beach City County, VA",1,0.0,
"Virginia, MN",1,0.0,75000.0
"Wabash, IN",1,0.0,
"Wabasso, MN",1,0.0,
"Waconia, MN",1,0.0,
"Wadesboro, NC",1,0.0,
"Wahiawa, HI",1,0.0,
"Waihe'e-Waiehu, HI",1,0.0,50000.0
"Wailuku, HI",1,0.0,
"Waimea, HI",1,0.0,109587.0
"Wake County, NC",1,0.0,
"Wake Forest, NC",1,0.0,
"Walbridge, OH",1,0.0,77677.6
"Waldorf, MD",1,0.0,105500.0
"Waldwick, NJ",1,0.0,
"Walkertown, NC",1,0.0,
"Wall Township, NJ",1,0.0,
"Waller, TX",1,0.0,135000.0
"Wallops Island, VA",1,0.0,
"Walnut Park, CA",1,0.0,42120.0
"Walnutport, PA",1,0.0,
"Walsenburg, CO",1,0.0,57500.0
"Wappingers Falls, NY",1,0.0,
"Ware, MA",1,0.0,
"Warren, OH",1,0.0,
"Warren, OR",1,0.0,
"Warrensville Heights, OH",1,0.0,114872.0
"Warrenton, MO",1,0.0,
"Warrington, PA",1,0.0,
"Warsaw, VA",1,0.0,
"Wasco, OR",1,0.0,
"Waseca, MN",1,0.0,
"Washington County, OR",1,0.0,30000.0
"Washington County, TN",1,0.0,
"Wasilla, AK",1,0.0,
"Waterboro, ME",1,0.0,
"Waukesha County, WI",1,0.0,119600.0
"Waveland, MS",1,0.0,
"Waverly, NE",1,0.0,
"Waxhaw, NC",1,0.0,
"Waycross, GA",1,0.0,
"Wayne County, NY",1,0.0,50000.0
"Wayzata, MN",1,0.0,
"Weatherford, OK",1,0.0,
"Weaverville, NC",1,0.0,
"Webster City, IA",1,0.0,
"Weirton, WV",1,0.0,
"Weld County, CO",1,0.0,
"Wellsville, NY",1,0.0,55341.0
"Wenona, IL",1,0.0,
"Wernersville, PA",1,0.0,
"Weslaco, TX",1,0.0,
"West Baton Rouge Parish County, LA",1,0.0,95000.0
"West Bridgewater, MA",1,0.0,
"West Deland, FL",1,0.0,
"West Deptford, NJ",1,0.0,
"West Greenwich, RI",1,0.0,52500.0
"West Hempstead, NY",1,0.0,33280.0
"West Henrietta, NY",1,0.0,
"West Jefferson, OH",1,0.0,
"West Lebanon, NH",1,0.0,
"West Linn, OR",1,0.0,
"West Long Branch, NJ",1,0.0,49500.0
"West McLean, VA",1,0.0,130000.0
"West Melbourne, FL",1,0.0,
"West Memphis, AR",1,0.0,39696.0
"West New York, NJ",1,0.0,
"West Palm Beach, Florida, United States",1,0.0,
"Westby, WI",1,0.0,
"Western, NY",1,0.0,
"Westfield, PA",1,0.0,
"Westford, MA",1,0.0,
"Westland, MI",1,0.0,41600.0
"Westminster, CA",1,0.0,39000.0
"Weston, WV",1,0.0,
"Westport, CT",1,0.0,67500.0
"Westwego, LA",1,0.0,
"Westwood, CA",1,0.0,
"Westwood, KS",1,0.0,
"Westwood, NJ",1,0.0,
"Weymouth, MA",1,0.0,90000.0
"Whately, MA",1,0.0,
"Wheatland, WY",1,0.0,
"Wheaton, IL",1,0.0,
"Wheaton, MD",1,0.0,90000.0
"Wheaton, MN",1,0.0,
"Whippleville, NY",1,0.0,
"White Bear Lake, MN",1,0.0,
"White Hall, AR",1,0.0,
"White House, TN",1,0.0,
"White Oak, NC",1,0.0,
"White Pine, TN",1,0.0,
"White Settlement, TX",1,0.0,71760.0
"Whitehall, MI",1,0.0,
"Whitehall, PA",1,0.0,
"Whitesboro, NY",1,0.0,
"Whitestone, New York, United States",1,0.0,
"Whitestown, IN",1,0.0,
"Whiting, WI",1,0.0,46800.0
"Whitmore Lake, MI",1,0.0,
"Wildomar, CA",1,0.0,
"Wilkesboro, NC",1,0.0,82500.0
"Williams, OR",1,0.0,
"Williamsburg, KY",1,0.0,
"Williamson County, TX",1,0.0,
"Williamsport, IN",1,0.0,
"Williamstown, NY",1,0.0,30368.0
"Willow Grove, PA",1,0.0,29515.2
"Wilmer, TX",1,0.0,
"Wilmette, IL",1,0.0,
"Wilmington, Delaware, United States",1,0.0,130000.0
"Wilmington, VT",1,0.0,
"Wilmore, KY",1,0.0,
"Wilsonville, AL",1,0.0,
"Wilton Manors, FL",1,0.0,
"Wilton, NY",1,0.0,
"Wimberley, TX",1,0.0,
"Winamac, IN",1,0.0,195000.0
"Winchester, KY",1,0.0,
"Winchester, OH",1,0.0,
"Winchester, TN",1,0.0,36400.0
"Windom, MN",1,0.0,56965.5
"Windsor Locks, CT",1,0.0,
"Windsor Mill, MD",1,0.0,
"Windsor, WI",1,0.0,
"Winfield, IL",1,0.0,
"Winn, MI",1,0.0,
"Winnemucca, NV",1,0.0,67600.0
"Winnsboro, TX",1,0.0,
"Winslow, AZ",1,0.0,98800.0
"Winston, GA",1,0.0,90000.0
"Winter Park, CO",1,0.0,52000.0
"Winter Park, Florida, United States",1,0.0,
"Wiscasset, ME",1,0.0,
"Wisconsin Rapids, WI",1,0.0,
"Wittmann, AZ",1,0.0,64480.0
"Wood Dale, IL",1,0.0,
"Wood River, IL",1,0.0,
"Woodhull, IL",1,0.0,
"Woodleaf, NC",1,0.0,
"Woodside, CA",1,0.0,100000.0
"Woodside, NY",1,0.0,
"Wooster, OH",1,0.0,
"Worland, WY",1,0.0,
"Worthington, OH",1,0.0,
"Wrentham, MA",1,0.0,
"Xenia, OH",1,0.0,
"Yanceyville, NC",1,0.0,
"Yaphank, NY",1,0.0,
"Yardley, PA",1,0.0,
"Yerington, NV",1,0.0,38875.2
"York, ME",1,0.0,
"Yorktown, NY",1,0.0,45760.0
Youngstown-Warren area,1,0.0,
"Youngsville, NC",1,0.0,
"Yountville, CA",1,0.0,39520.0
"Yreka, CA",1,0.0,47500.0
"Yucaipa, CA",1,0.0,
"Yukon, OK",1,0.0,
"Zachary, LA",1,0.0,22880.0
"Zellwood, FL",1,0.0,
"Zionsville, IN",1,0.0,75000.0
